SKU,Title,PermalinkUrl,CategoryName,RetailPrice,SellPrice,ShipingPrice,CostPrice,LikePrice,ShortDescription,LongDescription,Stock,Weight,FileName,FileName_1,FileName_2,FileName_3,YouTubeUrl,IsActive,IsVatFree,MoreCategories,FilterData,InternalSKU
TVZ5806TTD,CircuSealer – מכונת וואקום בייתית,CircuSealer-–-מכונת-וואקום-בייתית,מכונות וואקום,380,0,0,,,"**שמרו על טריות המזון לאורך זמן עם מכונת הוואקום הביתית CircuSealer. אידיאלית לאיטום בשרים, ירקות, פירות ועוד. קלה לשימוש, כוללת אחריות לשנה ומשלוח עד הבית. **","🧊 מכונת וואקום ביתית CircuSealer &ndash; שימור מזון מקצועי בבית<br /><br />מכונת הוואקום CircuSealer היא הפתרון האידיאלי לשימור מזון טרי לאורך זמן.&nbsp; באמצעות שאיבת אוויר ואיטום בשקיות ייעודיות, היא מסייעת במניעת כוויות קור, שמירה על טריות המזון והפחתת ריחות לא נעימים.&nbsp;<br /><br />✅ יתרונות המוצר:<br /><br />שימוש פשוט ונוח: הניחו את שולי השקית במכונה, סגרו בלחיצה ולחצו על כפתור ההפעלה. המכונה תשאב את האוויר ותאטום את השקית בפס הלחמה.<br /><br />שימור מגוון רחב של מזון: מתאימה לאיטום בשרים, ירקות, פירות, ממתקים ועוד.<br /><br />חיסכון במקום ובעלויות: אחסון קומפקטי במקפיא או במקרר, הפחתת בזבוז מזון וחיסכון כלכלי לאורך זמן.<br /><br />אחריות: 12 חודשים על ידי היבואן הרשמי EatMeat.&nbsp;<br /><br /><br />📦 מפרט טכני:<br /><br />דגם: CircuSealer<br /><br />מחיר: 380 ₪<br /><br />אחריות: 12 חודשים<br /><br />משלוח: עד 14 ימי עסקים<br /><br />יבואן רשמי: EatMeat&nbsp;",,0.0,https://cdna.wobily.com/images/9ba5af43-db52-42d0-89d1-48585cd4b983.jpg,,,,,True,False,סו-ויד ועביזרים; ,,
27H2UPGL0X,"ביינדר על בסיס ציטראט, תחליף פוספט 100 גר",ביינדר-על-בסיס-ציטראט-תחליף-פוספט,תוספי מזון,25,0,0,52.55,,,"קיבלתי חומר תחליף פוספט שמכיל ציטראט, אבקת חלבון סויה, ועמילן מעובד. מצוין לשימוש במטבח להכנת נקניקים מבושלים ונקניקיות. ציטראט הוא מלח או אסטר של חומצה לימונית. הוא מופק בדרך כלל מחומצה לימונית, שהיא טבעית ונמצאת בפירות הדר כמו לימונים ותפוזים. ציטראט משמש לעיתים קרובות כתוסף מזון, במיוחד לשיפור טעם או כתחליף לפוספטים.מינון 20 גר ל-1 ק""ג מסה",0.0,1.0,https://cdna.wobily.com/images/b1f8d97b-eb43-4e03-8cd5-d8f3d9fab665.jpg,,,,,True,False,מלחים וביינדרים; ,,
J8YQOW7W5Q,ג'לטין בקר אספיק 240 בלום  200 גר,ג-לטין-בקר-אספיק-240-בלום-200-גר,מבצעים החודש,50,40,0,,,,"ג'לטין בקר 240 בלום: מה זה ולמה זה חשוב? 🧐מחפשים מרכיב איכותי למתכונים שלכם? ג'לטין בקר 240 בלום הוא התשובה! 💪מה זה?** ג'לטין איכותי שמקורו מבקר, עם חוזק מצוין (240 בלום!).למה זה טוב?** מעולה למגוון שימושים: ג'לי, קינוחים, מרשמלו ועוד! 🍮היתרונות?** משפר מרקם, מסמיך ומייצב את המזון שלכם. 👍רוצים מתכונים מושלמים? ג'לטין בקר 240 בלום הוא הבחירה הנכונה! ✨ ",,0.0,https://cdna.wobily.com/images/7386e505-712c-4c51-bc30-3bbee69f63b3.jpg,,,,,True,False,,,
CCTBRVMZC7,"גליל שקיות ואקום מחורצות למזון 28x500 ס""מ",גליל-שקיות-ואקום-למזון-28-500-ס”מ,סו-ויד ועביזרים,40,0,0,21.0,0.0,גלילים של שקיות ואקום מחורצות לשימור ובישול מזון בסו-ויד. השקיות מיועדות לכל סוגי המכונות הוואקום הבייתיות. השקיות עומדות בדרישות התקן של המכון התקנים הישראלי ובטוחות לישמוש עם מזון.,גלילים של שקיות ואקום מחורצות לשימור ובישול מזון בסו-ויד. השקיות מיועדות לכל סוגי המכונות הוואקום הבייתיות.<br />&nbsp;השקיות עומדות בדרישות התקן של המכון התקנים הישראלי ובטוחות לישמוש עם מזון.,28.0,0.0,https://cdna.wobily.com/images/d2a30f2c-6d62-4b5e-b372-6bdbb4d9177e.jpg,,,,,True,False,שקיות ואקום מחורצות; ,,
B0PEDUX09T,"גליל שקיות ואקום מחורצות 22×1000 ס""מ",גליל-שקיות-ואקום-מחורצות-22×1000-סמ,שקיות ואקום מחורצות,65,0,0,31.0,,,גלילים של שקיות ואקום מחורצות לשימור ובישול מזון בסו-ויד. השקיות מיועדות לכל סוגי המכונות הוואקום הבייתיות. השקיות עומדות בדרישות התקן של המכון התקנים הישראלי ובטוחות לישמוש עם מזון.,0.0,0.0,https://cdna.wobily.com/images/5cc7101e-e64b-45a8-995d-8de8c69cddb0.jpg,,,,,False,False,,,
BXWL72YOSW,"דם יבש 1 ק""ג",דם-יבש-1-קג,תוספי מזון,250,0,0,120.0,,,"דם יבש, אלבומין של הדם.",4.0,1.0,https://cdna.wobily.com/images/254c5488-fe09-47df-ae55-19dff9bafebc.jpg,https://cdna.wobily.com/images/cb9f46bb-71b1-4190-a367-7a3ebf83c931.jpg,,,,True,False,שונות; ,,
7P93OD912I,הערכה למסווד,הערכה-למסווד,ערכות הסו ויד,305,0,0,,,,"הערכה המושלמת למסווד, כל האביזרים שצריך לבישול בסו ויד בערכה אחת במחיר משתלם<div>&nbsp;</div><div>מיכל לבישול 11 ליטר כולל מכסה ייעודי עם חור לסו ויד</div><div>רשת נגד ציפה מפלדת אל חלד</div><div>2 גלילי שקיות ואקום 20*500</div><div>&nbsp;</div>",,0.0,https://cdna.wobily.com/images/439d109b-adc6-4391-be08-2ee8be2c971b.jpg,,,,,True,False,סו-ויד ועביזרים; ,,
BC4IQOTNLKNCZVP,חוט שפגט,חוט-שפגט,מוצרי עזר,15,0,0,0.0,,240 מטר,,,,https://cdna.wobily.com/images/056d363b-bc07-43e8-baf4-1d7e6ffe2fe5.jpg,,,,,True,False,,,
JL34G7VG1J,תערובת תבלינים לסלאמי טירולי – עם ניחוח בירה עדין! 200 גר,טירולי-200-גר,תבלינים,40,0,0,17.0,,"תערובת תבלינים לסלאמי טירולי – תיבול קלאסי לנקניקים בייבוש טבעי, עם ניחוח בירה עדין וטעם אירופאי עשיר. מושלם להכנה ביתית. 100% טבעי.","מחפשים תיבול מושלם לנקניקים בייבוש? תערובת &quot;סלאמי טירולי&quot; שלנו נועדה בדיוק לכך &ndash; שילוב קלאסי של תבלינים מסורתיים עם נגיעה עדינה של ארומת בירה, שנותנת לנקניק עומק וטעם אירופאי אמיתי.<div>&nbsp;</div><div>יתרונות התבלין:</div><div>&nbsp;</div><div>מתכון ייחודי עם ניחוח בירה קל</div><div>&nbsp;</div><div>מתאים במיוחד לנקניקים בסגנון יבש</div><div>&nbsp;</div><div>תוצאה עשירה ובעלת אופי אותנטי</div><div>&nbsp;</div><div>&nbsp;</div><div>מומלץ ל: סלאמי טירולי, נקניקים ביתיים מיובוש חובבי טעמים מיוחדים.</div><div>מינון מומלץ: 10 גר ל-1 ק&quot;ג בשר</div><div>&nbsp;</div>",,0.0,https://cdna.wobily.com/images/204773d2-428a-49ea-aa9d-456a43c9254e.jpg,,,,,True,False,,,
9ZGKL5KKGA,יריעות קולגן 3 מטר,יריעות-קולגן,שרוולים לנקניקים,60,0,0,,,,יריעת קולגן 3 מטר אורך 40 ס&#39;&#39;מ רוחב,,0.0,https://cdna.wobily.com/images/92a8a2c1-05af-4b8c-8ca3-f0b57cf712fc.jpg,,,,,True,False,שרוולים קולגן; ,,
LRKGWZV0U4,כפפות ניטריל איכותיות לעיבוד בשר והכנת נקניקים,כפפות-ניטריל-איכותיות-לעיבוד-בשר-והכנת-נקניקים,כפפות למזון,25,0,0,11.0,,,"כפ&nbsp;ניטריל פות ניטריל איכותיות לעיבוד בשר והכנת נקניקים<br /><br />כפפות ניטריל חד־פעמיות מיועדות במיוחד לעבודה עם בשר &ndash; לטחינה, תיבול, מילוי וקשירה של נקניקים.<br /><br />הן מעניקות הגנה מירבית לידיים, שומרות על היגיינה גבוהה ולא סופגות שומן או ריחות.<br />מתאימות לשימוש ממושך, נוחות במיוחד ולא גורמות לאלרגיה (ללא לטקס).<br /><br />מעולות לשימוש ביתי או מקצועי &ndash; לכל שלב בהכנת נקניקים:<br />מהמטחנה ועד לעישון.",,0.0,https://cdna.wobily.com/images/7794a76a-b03c-4a76-bc6a-012fdaed6e84.jpg,https://cdna.wobily.com/images/f7b60ddc-4461-4b1b-9414-fc08d4a57e6e.jpg,,,,True,False,,,
WK5YYX8PT2,מדחום אינקבירד 2 ערוצים איכותי,מדחום-אינקבירד-2-ערוצים-איכותי,מוצרי עזר,149,0,0,,,,"מדחום אינקבירד 2 ערוצים איכותי,&nbsp;<br />מתממשק לטלפון בעזרת בלוטוס לאפליקציה איכותית של החברה.&nbsp;<br />באפליקציה ניתן לנטר זמנים,טמפרטורות שהנתח עבר,<br />להפעיל התראות שהנתח/מעשנה מגיע לטמפרטורה מסוימת וכו&#39;.&nbsp;<br /><span>מדחום אמין ואיכותי מבית ענקית הטכנולוגיה INKBIRD</span><div class=""s3gt_translate_tooltip_mini_box"" id=""s3gt_translate_tooltip_mini"" is_bottom=""true"" is_mini=""true"" style=""background: initial !important; border: initial !important; border-radius: initial !important; border-spacing: initial !important; border-collapse: initial !important; direction: ltr !important; flex-direction: initial !important; font-weight: initial !important; height: initial !important; letter-spacing: initial !important; min-width: initial !important; max-width: initial !important; min-height: initial !important; max-height: initial !important; margin: auto !important; outline: initial !important; padding: initial !important; position: absolute; table-layout: initial !important; text-align: initial !important; text-shadow: initial !important; width: initial !important; word-break: initial !important; word-spacing: initial !important; overflow-wrap: initial !important; box-sizing: initial !important; display: initial !important; color: inherit !important; font-size: 13px !important; font-family: X-LocaleSpecific, sans-serif, Tahoma, Helvetica !important; line-height: 13px !important; vertical-align: top !important; white-space: inherit !important; left: 326px; top: 40px; opacity: 0.4;""><div class=""s3gt_translate_tooltip_mini"" id=""s3gt_translate_tooltip_mini_logo"" title=""Translate selected text"">&nbsp;</div><div class=""s3gt_translate_tooltip_mini"" id=""s3gt_translate_tooltip_mini_sound"" title=""Play"" title_play=""Play"" title_stop=""Stop"">&nbsp;</div><div class=""s3gt_translate_tooltip_mini"" id=""s3gt_translate_tooltip_mini_copy"" title=""Copy text to Clipboard"">&nbsp;</div></div><style media=""print"" type=""text/css"">#s3gt_translate_tooltip_mini { display: none !important; }</style>",5.0,0.01,https://cdna.wobily.com/images/fdce8913-3832-45cb-8fe3-160bcaf67dbf.jpg,,,,,True,False,,,
JAD71P2QUZ,מיכל 11 ליטר לבישול בסו ויד + מכסה,מיכל-11-ליטר-לבישול-בסו-ויד-מכסה,אביזרים לסו - ויד,170,0,0,,,,"מיכל 11 ליטר לבישול בסו ויד<br />עשוי פולי קרבונט ומיועד לעבודה עם טמפרטורות חמות<div>מתאים לרוב מכשירי אנובה, אינקבירד, EatMeat ועוד.</div><div>באישור מכון תקנים</div>",,0.0,https://cdna.wobily.com/images/a99a5d65-65cd-473a-83e2-a672d1d15a81.jpg,,,,,True,False,סו-ויד ועביזרים; ,,
PE330FLM81,מכונת ואקום מקצועית 510/350/390,מכונת-ואקום-מקצועית-510-350-390,מכונות וואקום,4100,0,0,,,,"מכונת ואקום מקצועית במידות: 510/350/390 מ&quot;מ, מידת התא: 390/285/55 מ&quot;מ, הספק משאבה: 320W, הספק מנוע משאבה: 180W, אורך מוט האיטום: 260 מ&quot;מ, רוחב סרגל האיטום: 10 מ&quot;מ עם תא ואקום לשמירה על טריות מקסימלית ואופטימלית והארכת זמן האחסון עד פי 8 מאחסון רגיל! אידיאלי לבשר, דגים, פירות וירקות",,0.0,https://cdna.wobily.com/images/9305d2dd-8757-4a61-9132-2718dcc8dc66.jpg,,,,,True,False,סו-ויד ועביזרים; ,,
JA2GT9ERNA,"מכשיר לחימום נקניקיות 5 רולים 59X25X42 ס""מ",מכשיר-לחימום-נקניקיות-5-רולים-59X25X42-סמ,מכשירים לחימום נקניקיות,840,0,0,,,,"מכשיר מסתובב להכנת נקניקיות – 5 גלגלים מידות : ס""מ , הספק : 0.96KW ,מכונת הנקניקיות שלנו שומרת על חום הנקניקיה ומפזרות את החום באופן שווה בין כל הרולים.הרולים של מכונת הנקניקיות נמצאים כל הזמן בתנועה ובאפשרותכם לווסט את החום לבישול או שמירה על חום.המכשיר כולל כיסוי זכוכית",,0.0,https://cdna.wobily.com/images/3c519146-5f71-408e-9d67-b6133f477cae.jpg,,,,,True,False,,,
5XOXPUPH8EODT3E,מכונות למילוי נקניקיות ידני,מכשיר-למילוי-נקניק-האקה_CK6JKYJ3FC1ONFR,ציוד להכנת נקניקים,740,0,65,0.0,,מכשיר מקצועי למילוי נקניקיות  המוצר חזק ומותאם לשימוש במטבח המקצועי.,"מכשיר מקצועי למילוי נקניקיות נפח: 3, 5 ו-7 ליטר המוצר חזק ומותאם לשימוש במטבח המקצועי. מכונה ידנית למילוי נקניקיות באופן מהיר ואחיד , עשויה נירוסטה איכותית. להכנת סוגים שונים של נקניקיות או קבבים באמצעות ארבע פיות מילוי מתחלפות (כלולות במארז המכונה) בקוטר 16, 22, 32 ו-38 מ&quot;מ",2.0,10.0,https://cdna.wobily.com/images/583ce87e-afc2-484f-b36a-1b92ac8635a9.jpg,,,,,True,False,מוצרי עזר; מכונות למילוי נקניקיות; ,,
L15AF79MGS,"מלח כיור #2 ניטריט 0,6% ניטראט 0,4%      500 גר",מלח-כיור-2-ניטריט-0-6-ניטראט-0-4,תוספי מזון,50,0,0,10.0,,,"מלח כיור #2במיוחד לנקניקים מוטסים עם קוטר 60 מ""מ ויותרוגם לכל סוגי נקניקים יבשים מנתחים שלמים,  כמו קופה, ברזאולה ו...",,0.0,https://cdna.wobily.com/images/89cdbf97-5f80-4f21-9feb-20c61679a3d2.jpg,,,,,True,False,מלחים וביינדרים; ,,
ADZQMP20KD57C4Q,"מלח ניטריט 0,6% - 500 ג""ר",מלח-ניטריט-0-6,תוספי מזון,40,0,0,6.35,,500 גרם,500 גרם,,0.5,https://cdna.wobily.com/images/f3839b43-bd99-4c3f-989a-f531fdb8a6b4.jpg,,,,,True,False,מלחים וביינדרים; ,,
MBA9IQGWF3,"מלח ניטריט 3% - 1 ק""ג",מלח-ניטריט-3-1-קג,תוספי מזון,120,80,0,,,,מלח ניטריט ליישון וכבישה בשר תורם לצבע ורוד/אדמדם בבשר. אחוז חומר פעיל 3%,1.0,0.0,https://cdna.wobily.com/images/32041415-4666-45ce-9995-b8a2b1c060b5.jpg,,,,,False,False,מלחים וביינדרים; ,,
ZUWSDGKOH9,מעמד מקצועי לשקיות וואקום,מעמד-מקצועי-לשקיות-וואקום,אביזרים לסו - ויד,135,0,0,,,,"מעמד לשקיות וואקום מקצועי מנירוסטה, הפתרון המושלם לכל מס&rsquo;ווד! פתרון מעולה פשוט ונוח להעמיד את כל הנתחים והירקות השונים בצורה אידיאלית מבלי שיצופו, ובכדי לשמור על הסירקולציה במיכל.<br />גובה 16.8 ס&rdquo;מ<div>אורך 19.8 ס&rdquo;מ</div><div>רוחב 16.3 ס&rdquo;מ<br />&nbsp;</div>",,0.0,https://cdna.wobily.com/images/4067133b-1403-437d-b782-ec41d4524878.jpg,https://cdna.wobily.com/images/f49c1ec9-207e-4a5b-8873-acebf3f30251.jpg,,,,True,False,סו-ויד ועביזרים; ,,
1NUJ2SRZ58,משקולות סיליקון נגד ציפה לבישול,משקולות-סיליקון-נגד-ציפה-לבישול,אביזרים לסו - ויד,89,0,0,,,רכשו משקולות סיליקון איכותיות לבישול סו-ויד ולבישול ביתי. שמרו על בישול מדויק ואחיד. משלוח מהיר לכל הארץ. הזמינו עכשיו באתר!,"משקולות סיליקון נגד ציפה לבישול סו-ויד ולבישול רגיל<div>&nbsp;</div><div>משקולות סיליקון לבישול הן הפתרון המושלם לשמירה על תוצאות מדויקות ואחידות בכל שיטת בישול.</div><div>בבישול סו-ויד או בבישול רגיל, מזון נוטה לצוף &ndash; מה שעלול לפגוע באיכות ובאחידות הבישול.</div><div>המשקולות שלנו, עשויות סיליקון איכותי ובטוח למזון, מבטיחות שהמזון יישאר שקוע ומבושל בצורה מושלמת.</div><div>&nbsp;</div><div>יתרונות משקולות סיליקון לבישול:</div><div>&nbsp;</div><div>איכות גבוהה: עשויות סיליקון בדרגת מזון, ללא BPA, עמידות לטמפרטורות של עד 220&deg;C.</div><div>&nbsp;</div><div>עיצוב קומפקטי ונוח: מתאימות לכל סוגי הסירים והמחבתות.</div><div>&nbsp;</div><div>קלות לניקוי: מתאימות לשטיפה במדיח כלים &ndash; לחוויית שימוש נוחה ויעילה.</div><div>&nbsp;</div><div>רב-שימושיות: אידיאליות לבישול ירקות, ביצים, עוף, אורז ועוד מגוון רחב של מאכלים.</div><div>&nbsp;</div><div>&nbsp;</div><div>מפרט טכני:</div><div>&nbsp;</div><div>חומר: סיליקון איכותי בדרגת מזון.</div><div>&nbsp;</div><div>משקל כל יחידה: כ-170 גרם.</div><div>&nbsp;</div><div>מידות: כ 10 ס&quot;מ.</div><div>&nbsp;</div><div>טווח טמפרטורה: עד 220&deg;C.</div><div>&nbsp;</div><div>&nbsp;</div><div>איך להשתמש במשקולות סיליקון?</div><div>&nbsp;</div><div>1. הניחו את משקולת הסיליקון ישירות על המזון בתוך הסיר או השקית.</div><div>2. ודאו שהמשקולת מכסה את שטח הפנים של המזון ומונעת ממנו לצוף.</div><div>3. התחילו לבשל כרגיל &ndash; המשקולת תדאג לשמור על המזון שקוע לאורך כל זמן הבישול.</div><div>&nbsp;</div><div>למה כדאי לרכוש משקולות סיליקון אצלנו?</div><div>&nbsp;</div><div>איכות פרימיום</div><div>&nbsp;</div><div>שירות לקוחות אישי ומהיר</div><div>&nbsp;</div><div>משלוח מהיר לכל הארץ</div><div>&nbsp;</div><div>מחירים משתלמים במיוחד</div><div>&nbsp;</div><div>&nbsp;</div><div>הזמינו עכשיו משקולות סיליקון לבישול סו-ויד ולבישול ביתי, ותהנו מתוצאות מושלמות בכל מנה!</div><div>&nbsp;</div><div>להזמנה לחצו כאן 👇</div>",,0.0,https://cdna.wobily.com/images/8b3efb68-e8e5-4f12-bd2b-637f57a0b4cc.jpg,,,,,True,False,סו-ויד ועביזרים; ,,
4CTZ835RKQ,"משקל אלקטרוני עד 40 ק""ג",משקל-אלקטרוני-עד-40-קג,משקלים,380,0,0,,,,"משקל דיגיטלי עד 40 ק""ג דגם: 209 סוללה נטענת AC/DC כפולה לשימוש/מובנית מבנה מסגרת עם הגנה מוגבלת בלחץ דגם תצוגה: אור LED קיבולת מקסימלית: 40 ק""ג; 200 גרם דקות; e = d = 5g מתח עבודה: 110V/220V זרם עבודה: 500mAh גודל המוצר: 35.5*33*11.5 ס""מ",,0.0,https://cdna.wobily.com/images/c520ea56-495c-4b4e-97ca-19b1367783b4.jpg,,,,,True,False,מוצרי עזר; ,,
HBK7STXT8N,משקל דיגיטלי משטח זכוכית עד 5 ק”ג,משקל-דיגיטלי-משטח-זכוכית-עד-5-ק”ג,משקלים,81,0,40,,,,"משקל דיגיטלי מעוצב למטבח כולל צג LCD טווח דיוק של 1 גרם עד 5 ק”ג כיבוי אוטומטי ולחצני מגע נוחים משקל דק, מדויק ונוח לעבודה עשוי זכוכית איכותית עמידה , מידה: 20X14.5 ס’’מ חומר: זכוכית מותג: Roso צבע:  לבן. סדרה: Glaze",,0.0,https://cdna.wobily.com/images/970cf363-20ed-452f-a41b-3f3e5e4831db.jpg,,,,,True,False,,,
R4L4YCX8LPMLJRB,משקל כיס,משקל-כיס,מוצרי עזר,50,0,0,0.0,,עד 200 גרם,עד 200 גרם,,,https://cdna.wobily.com/images/d3f42f3f-72a3-4f09-bc30-fb6ecfbcfadc.jpg,,,,,True,False,משקלים; ,,
4H6TTY7VBRUQ42B,"נסורת עץ אגס לעישון קר 1 ק""ג",נסורת-לעישון-קר-עץ-אגס,עישון קַר,90,80,0,0.0,,"1 ק""ג",עץ אגס גרוס ארומטי לעישון קר<br /><br />משקל: 1 ק&quot;ג,0.0,1.0,https://cdna.wobily.com/images/405092cb-3c88-471a-85ce-d308524538ac.jpg,,,,,False,False,שבבי עץ לעישון; ,,
JHW2V7MF2CW3IUY,"נסורת עץ אפרסק לעישון קר 1 ק""ג",נסורת-לעישון-קר-עץ-אפרסק,עישון קַר,90,80,0,0.0,,"1 ק""ג",עץ אפרסק גרוס ארומטי לעישון קר<br /><br />משקל: 1 ק&quot;ג,5.0,1.0,https://cdna.wobily.com/images/0d7920ae-9110-4636-b240-973069f439ce.jpg,,,,,True,False,שבבי עץ לעישון; ,,
FCCRJGH9JPFY42Z,"נסורת עץ אשור לעישון קר 1 ק""ג",נסורת-לעישון-קר-עץ-אשור,עישון קַר,90,80,0,0.0,,"1 ק""ג",עץ אשור גרוס ארומטי לעישון קר<br /><br />משקל: 1 ק&quot;ג,3.0,,https://cdna.wobily.com/images/ddab0639-083a-4f7c-8ef1-729bd54e64df.jpg,,,,,True,False,שבבי עץ לעישון; ,,
PVE18TOUYA,"נסורת עץ שקדיה לעישון קר 1 ק""ג",נסורת-עץ-שקדיה-לעישון-קר-1-קג,עישון קַר,90,80,0,43.0,,,עץ שקדיה גרוס ארומטי לעישון קר<br /><br />משקל: 1 ק&quot;ג,4.0,0.0,https://cdna.wobily.com/images/4f38e71a-76be-4153-848c-30b585490acb.jpg,,,,,True,False,שבבי עץ לעישון; ,,
X9ZBKGEDYK,"סודיום אריטרובט 500 ג""ר",סודיום-אריטרובט-500-גר,תוספי מזון,60,0,0,,,,סודיום אריטרובט 500 ג&quot;ר,22.0,0.5,https://cdna.wobily.com/images/b8fd783b-70fe-422d-a3de-64cfb46f3878.jpg,,,,,True,False,מלחים וביינדרים; ,,
YWJ6OOY86C,סו-ויד עוצמתי מבית “Eat Meat”,סו-ויד-עוצמתי-מבית-“Eat-Meat”,מכשירי סו - ויד,630,0,0,,,,סו-ויד עוצמתי מבית &ldquo;Eat Meat&rdquo;<div>מכשיר סו ויד בייתי מקצועי מבית &ldquo;Eat Meat&rdquo; בעיצוב יוקרתי למיצוי מקסימום מחומרי הגלם.</div><div>&nbsp;</div><div>בעל תו תקן ישראלי.</div><div>1200 וואט.</div><div>ממשק קל ונוח לתפעול.</div><div>בישול כמו במסעדות האהובות .</div><div>תוצאות מושלמות בכל בישול .</div><div>בישול בריא יותר.</div><div>שנה אחריות.</div>,,0.0,https://cdna.wobily.com/images/30e90b0d-2df5-4141-8b86-9d85f3342240.jpg,,,,,True,False,סו-ויד ועביזרים; ,,
IGVLBEG920,סטרטרים איטי לנקניקים מותסיסים,סטרטרים-אוניברסלי-לנקניקים-ונתחים-שלמים-מותססים,תוספי מזון,25,0,0,0.0,,,"תרביות ""Almi 2"" משמשות בתעשיית הבשר לתסיסה איטית והבשלה של נקניקים. הן עוזרות להגיע לפרופיל טעם עמוק ומשפרות את המרקם של המוצר. תרביות אלו מכילות חיידקים מועילים שתורמים לפיתוח הטעם, הארומה ומבטיחים את בטיחות המוצר.",5.0,0.02,https://cdna.wobily.com/images/5000b6bb-e33a-4c55-89ff-b7f446877bcb.jpg,,,,,True,False,סטרטרים לנקניקים מותססים; ,,
V9ZQDB898F,סטרטרים איטי לנקניקים מותסיסים עם תוספת דקסטרוז חבילה 50 גר,סטרטרים-איטי-לנקניקים-מותסיסים-עם-תוספת-דקסטרוז-חבילה-50-גר,תוספי מזון,30,0,0,,,,"תרביות ""Almi 2"" משמשות בתעשיית הבשר לתסיסה איטית והבשלה של נקניקים. הן עוזרות להגיע לפרופיל טעם עמוק ומשפרות את המרקם של המוצר. תרביות אלו מכילות חיידקים מועילים שתורמים לפיתוח הטעם, הארומה ומבטיחים את בטיחות המוצר.",6.0,0.0,https://cdna.wobily.com/images/78d6b59e-594e-45c1-a4f1-b532cb2034b7.png,,,,,True,False,סטרטרים לנקניקים מותססים; ,,
A1JYWYUBA6,סטרטרים לנתחים שלמים,סטרטרים-לנחים-שלמים,תוספי מזון,25,0,0,,,,סטרטרים לכבישה נתחים שלמים עם תוספת דקסטרוז. חבילה ל-10 ק&quot;ג בשר.,57.0,0.0,https://cdna.wobily.com/images/1de7b990-3723-4166-8794-7b717d2a8ff1.png,,,,,True,False,סטרטרים לנקניקים מותססים; ,,
FKKODJUGMR5D4KT,סטרטרים מהירים לנקניקים מותססים,סטרטרים-לנקניקים-מותססים,תוספי מזון,25,0,0,0.0,,יחידה אחת,"תרביות  ""Almi 7"" משמשות בייצור נקניקים לשיפור הטעמים והארומות, וכן להאצת תהליך התסיסה. הן מהוות תערובת של מיקרואורגניזמים מועילים, כמו חיידקים, שתורמים להבשלה נכונה של הנקניק.תרביות אלו עוזרות לשלוט בתהליך התסיסה, מונעות התפתחות מיקרואורגניזמים לא רצויים ומשפרות את המרקם והצבע של המוצר. השימוש בתרביות  גם מאפשר להשיג תוצאות יציבות ואיכות גבוהה של המוצר המוגמר. ",14.0,0.1,https://cdna.wobily.com/images/289f417d-0128-4b9e-9efe-303e1372ddb8.jpg,,,,,True,False,סטרטרים לנקניקים מותססים; ,,
W0MEHOQJUW,סטרטרים מהירים לנקניקים מותססים עם תוספת דקסטרוז חבילה 50 גר,סטרטרים-מהירים-לנקניקים-מותססים-עם-תוספת-דקסטרוז-חבילה-50-גר,תוספי מזון,30,0,0,,,,"תרביות ""Almi 7"" משמשות בייצור נקניקים לשיפור הטעמים והארומות, וכן להאצת תהליך התסיסה. הן מהוות תערובת של מיקרואורגניזמים מועילים, כמו חיידקים, שתורמים להבשלה נכונה של הנקניק. תרביות אלו עוזרות לשלוט בתהליך התסיסה, מונעות התפתחות מיקרואורגניזמים לא רצויים ומשפרות את המרקם והצבע של המוצר. השימוש בתרביות  גם מאפשר להשיג תוצאות יציבות ואיכות גבוהה של המוצר המוגמר. סטרטרים עם תוספת דקסטרוז, מינון 5 גר ל-1 ק""ג מסה בשרחבילה 50 גר מספיק ל-10 ק""ג מסה של בשר",,0.0,https://cdna.wobily.com/images/424d9084-89af-49dc-890a-9f0d77c37a10.png,,,,,True,False,סטרטרים לנקניקים מותססים; ,,
X1KLLAQR8N,מונוסודיום גלוטמט,עותק-של-מונוסודיום-גלוטמט-0-5-קג,תוספי מזון,20,10,0,,,"1 ק""ג",,,1.0,https://cdna.wobily.com/images/a8518421-71d3-462d-bded-813756f6717c.jpg,,,,,True,False,מלחים וביינדרים; מבצעים החודש; ,,
5GCE43SXT3,שבבי עץ לעישון חם שקדים 900 גרם,עותק-של-שבבי-עץ-לעישון-חם-שקדים-900-גרם,עישון חם,80,69,0,,,,"שבבי עץ שקדים<br />מושלם לעישון בשרים, דגים, עופות, ירקות ועוד...<br /><br />יש להשרות במים במשך 30-60 דקות לפני השימוש<br />לקבלת תוצאה מיטבית יש להניח ישירות על גבי הגחלים או בתיבת שבבים (ראו באתר) לעישון<br />מתאים לגרילים ולמעשנות חשמליות וגז<br /><br />משקל: 900 גר",4.0,0.9,https://cdna.wobily.com/images/d6e33a99-7cc2-4c1f-9fc2-ebfbafaaf4a5.jpg,,,,,True,False,שבבי עץ לעישון; ,,
OJ9BFI4Z1K,"שרוול פיברוז 65 מ""מ   כשר",עותק-של-שרוול-פיברוז-65-ממ-כשר,שרוולים לנקניקים,35,0,0,2.5,,"90 מ""מ 3 יחידות. לנקניקים מבושלים כמו מורטודלה",". מתאים לכל הסוגים הנקניקים מבושלים, מעושנים ויבשים",,,https://cdna.wobily.com/images/84d3e8d0-9c65-442b-97aa-6b6f168a693c.jpg,https://cdna.wobily.com/images/4d478235-fad7-4d23-bce7-270dad0dac56.jpg,,,,True,False,שרוולים פיברוז; שרוולים כשרים; ,,
DK16L6P4EI,ערכת סו ויד  Beginner,ערכת-סו-ויד-Beginner,ערכות הסו ויד,899,0,0,,,,"אם תמיד חלמתם לבשל כמו שפים במסעדות הטובות בעולם, ערכת הסו-ויד של EatMeat היא הדרך הקלה, המדויקת והמקצועית להתחיל את המסע הקולינרי שלכם.<div>הערכה מושלמת גם למתחילים וגם למנוסים שרוצים לשדרג את הבישול הביתי שלהם לרמה מקצועית.</div><div>&nbsp;</div><div>&nbsp;</div><div>&nbsp;</div><div>במארז שלנו תמצאו כל מה שצריך בשביל להתחיל לבשל בסו ויד:</div><div>&nbsp;</div><div>מכשיר סו ויד עוצמתי 1200W מבית &ldquo;Eat Meat&rdquo;</div><div>מכונת ואקום בייתחת CircuSealer</div><div>2 גליל שקיות וואקום 20*500 ס&rdquo;מ</div><div>&nbsp;</div>",,0.0,https://cdna.wobily.com/images/71a01fef-649b-46a4-b7d7-cd4210a9c1f7.jpg,,,,,True,False,סו-ויד ועביזרים; ,,
7DUVHHYC5U,ערכת סו ויד  Professional,ערכת-סו-ויד-Professional,ערכות הסו ויד,1169,0,0,,,,"אם תמיד חלמתם לבשל כמו שפים במסעדות הטובות בעולם, ערכת הסו-ויד של EatMeat היא הדרך הקלה, המדויקת והמקצועית להתחיל את המסע הקולינרי שלכם.<div>הערכה מושלמת גם למתחילים וגם למנוסים שרוצים לשדרג את הבישול הביתי שלהם לרמה מקצועית.</div><div>במארז שלנו תמצאו כל מה שצריך בשביל להתחיל לבשל בסו ויד:</div><div>מכשיר סו ויד עוצמתי 1200W מבית &ldquo;Eat Meat&rdquo;</div><div>מכונת ואקום בייתחת CircuSealer</div><div>2 גלילים שקיות וואקום 20*500 ס&rdquo;מ</div><div>&nbsp;מיכל לבישול 11 ליטר</div><div>3 משקולות נגד ציפה</div>",,0.0,https://cdna.wobily.com/images/212a2192-1ae5-4c1a-91d9-9ae9920505f0.png,,,,,True,False,סו-ויד ועביזרים; ,,
0OSUHFD8PZZ28AJ,פוספט למזון,פוספט,תוספי מזון,20,0,0,14.0,,500 גרם,,0.0,0.5,https://cdna.wobily.com/images/f6a68190-5a05-4324-b9c0-d15875ea2e79.jpg,,,,,True,False,מלחים וביינדרים; ,,
70MZREMJDV,דקסטרוזה 500 גר,קסטרוזה-500-גר,תוספי מזון,30,0,0,,,,"שקית 500 גרם של דקסטרוזה<div>סוכר ענבים , משמש כאוכל לחידקים (סטרטר)</div>",,0.0,https://cdna.wobily.com/images/e300ba9c-bfc4-4afa-98c9-38d5889e59fe.jpg,,,,,True,False,שונות; ,,
ZI6D0M4PQD,קרטונית שרוולים לנקניקיות גריל מידות שונות,קרטונית-שרוולים-לנקניקיות-גריל-23-ממ-686-מטר,מבצעים החודש,0,1200,0,,,"גלה את שרוול הקולגן המושלמות לנקניקיות גריל - טבעיות, עמידות ונוחות לשימוש. מתאימות לכל סוגי הנקניקיות.","<div id=""product-header-content"" style=""box-sizing: border-box; padding-left: 10px; padding-right: 0px; font-family: &quot;open sans hebrew&quot;; font-size: 15px; background-color: rgb(255, 255, 255);""><div class=""left"" id=""details-image-td"" style=""box-sizing: border-box; float: right !important; width: 354px;""><div style=""box-sizing: border-box;""><div class=""only-description only-description-bottom"" itemprop=""description"" style=""box-sizing: border-box; line-height: 30px; overflow: hidden; overflow-wrap: break-word; word-break: break-word; text-overflow: clip; outline: rgb(114, 114, 114) solid 2px !important;"" tabindex=""0"">*שרוול קולגן אכיל לנקניקיות גריל מבית Devro**<div style=""box-sizing: border-box; max-width: 100%;"">&nbsp;</div><div style=""box-sizing: border-box; max-width: 100%;"" tabindex=""0"">גלה את שרוול הקולגן האיכותי שלנו לנקניקיות גריל, מבית היצרן האירופאי המוביל, Devro. מתאים לצלייה על האש, מנגל פחמים, גז, חשמלי, טיגון במחבת ופלנצ&#39;ה.</div><div style=""box-sizing: border-box; max-width: 100%;"">&nbsp;</div><div style=""box-sizing: border-box; max-width: 100%;"" tabindex=""0"">**יתרונות המוצר:**</div><div style=""box-sizing: border-box; max-width: 100%;"" tabindex=""0"">- עמיד בחום גבוה</div><div style=""box-sizing: border-box; max-width: 100%;"" tabindex=""0"">- אכיל ונוח לשימוש</div><div style=""box-sizing: border-box; max-width: 100%;"" tabindex=""0"">- מתאים למגוון שיטות בישול</div><div style=""box-sizing: border-box; max-width: 100%;"">&nbsp;</div><div style=""box-sizing: border-box; max-width: 100%;"" tabindex=""0"">שדרג את חוויית הצלייה שלך עם מוצר קולגן איכותי, המבטיח תוצאה עסיסית ומושלמת בכל פעם.</div><div style=""box-sizing: border-box; max-width: 100%;"">&nbsp;</div><div style=""box-sizing: border-box; max-width: 100%;"" tabindex=""0"">**הזמינו עכשיו באתר ותיהנו ממשלוח מהיר!**</div><div style=""box-sizing: border-box; max-width: 100%;"">&nbsp;</div><div>&nbsp;</div></div></div><div style=""box-sizing: border-box;"">&nbsp;</div></div></div>",,0.0,https://cdna.wobily.com/images/9ab85210-8c62-4c34-a1e4-fcc2b89b537a.jpg,,,,,True,False,,,
SS6UWTR1ET,רשת נגד ציפה מפלדת אל חלד (נירוסטה),רשת-נגד-ציפה-מפלדת-אל-חלד,אביזרים לסו - ויד,130,0,0,,,"רשת נגד ציפה איכותית מנירוסטה 304, לשימוש בסו-ויד, כבישת ירקות והשריית בשרים. מבטיחה שקיעה מלאה, אחידות בבישול ועמידות גבוהה. משלוח מהיר לכל הארץ!","<br />רשת נגד ציפה מפלדת אל חלד (נירוסטה)<br /><br />מחפשים פתרון מקצועי ואיכותי לשמירת מזון מתחת לפני הנוזל בבישול סו-ויד, כבישה או השרייה?<br />הכירו את הרשת נגד ציפה שלנו, העשויה מפלדת אל חלד איכותית (נירוסטה 304), שתבטיח לכם תהליך מושלם, נוח ויעיל.<br /><br />יתרונות המוצר:<br /><br />מונעת ציפה &ndash; שומרת את המזון שקוע לחלוטין מתחת לנוזל ומבטיחה בישול אחיד ויעיל.<br /><br />עמידות גבוהה &ndash; עשויה פלדת אל חלד מסוג 304 המתאימה למגע ישיר עם מזון ועמידה בפני קורוזיה וחלודה.<br /><br />עיצוב פרקטי &ndash; טבעות נירוסטה המחוברות זו לזו לנוחות מקסימלית בשימוש וניקוי קל ופשוט.<br /><br />מתאימה במיוחד לבישול סו-ויד &ndash; פתרון מושלם לשימוש ביתי או מקצועי במסעדות ובמטבחים מוסדיים.<br /><br /><br />מפרט טכני:<br /><br />חומר: נירוסטה איכותית (304)<br /><br />מידות: 43&times;28 ס&quot;מ<br /><br />משקל: 565 גרם<br /><br />קוטר טבעת: 1 ס&quot;מ<br /><br /><br />למי מתאים?<br /><br />חובבי בישול סו-ויד<br /><br />תעשיית המזון והמסעדנות<br /><br />הכנת נקניקים, כבישה והשריית מזונות שונים במטבח המקצועי והביתי<br /><br /><br />לפרטים נוספים או לרכישה, צרו איתנו קשר ונשמח לעזור!",,0.0,https://cdna.wobily.com/images/077c657e-a8c4-438b-8cb7-f5cb75c97e6d.jpg,,,,,True,False,סו-ויד ועביזרים; ,,
4ZANLSONS4BHNNQ,רשת רולדה 3 מטר גודל 18,רשת-רולדה,שרוולים לנקניקים,30,0,0,0.0,,"180 מ""מ 3 מטר",,,,https://cdna.wobily.com/images/6e922ffc-5601-4b72-b426-0764788714e2.jpg,,,,,True,False,,,
6ORM70WEJZ,רשת רולדה 50 מטר גודל 16,רשת-רולדה-50-מטר-160-ממ,שרוולים לנקניקים,120,0,0,,,,רשת רולדה 50 מטר גודל 16,0.0,0.0,https://cdna.wobily.com/images/8c06e127-d1ac-477e-a59c-37f3d76aa27d.jpg,,,,,True,False,,,
H5MTOXWUTV,נסורת חביות עץ אלון לעישון קר: מוסקט Muscat 500 gr,שבבי-חביות-עץ-אלון-לעישון-קר-מוסקט-Muscat-500-gr,עישון קַר,60,45,0,,,,עץ ארומטי גרוס לעישון קר מחבית עץ אלון שהכילה מוסקט Muscat 500 gr,18.0,0.0,https://cdna.wobily.com/images/8b05960c-cdb7-474e-be7d-58d730e34772.jpg,,,,,True,False,שבבי עץ לעישון; מבצעים החודש; ,,
XICTUOL09O,שבבי עץ מהחבית לעישון 900 גרם,שבבי-עץ-אלון-לעישון-900-גרם,שבבי עץ לעישון,69,0,0,37.5,,,"שבבים מחביות עץ אלון שיושן בהן שרימושלם לעישון בשרים, דגים, עופות, ירקות ועוד…יש להשרות במים במשך 30-60 דקות לפני השימושלקבלת תוצאה מיטבית יש להניח ישירות על גבי הגחלים או בתיבת שבבים  לעישוןמתאים לגרילים ולמעשנות פחם, חשמל וגזהאריזה ניתנת לסגירה הרמטית לאחר פתיחתה",,0.0,https://cdna.wobily.com/images/82f25087-22f9-4d18-bfa9-3cddd7e9f656.jpg,,,,,True,False,עישון חם; ,,
L1YPEN83FQ,"שבבי עץ דובדבן 6 מ""מ 500 גר",שבבי-עץ-דובדבן-6-ממ-500-גר,שבבי עץ לעישון,35,0,0,8.5,,,"יש אפשרות להזמין שק של 20 ק&quot;ג. רק בהזמנה מראש, ורק באיסוף עצמי. במחיר 450₪",,0.0,https://cdna.wobily.com/images/ebfc3486-b945-4d3c-a3f2-0657e8b0b8ec.jpg,,,,,True,False,עישון חם; ,,
EDBAWQKTEX,שבבי עץ זית לעישון חם  900 גרם,שבבי-עץ-זית-לעישון-חם-900-גרם,עישון חם,80,69,0,,,,"שבבי עץ זית<br />מושלם לעישון בשרים, עופות, ירקות ועוד...<br /><br />יש להשרות במים במשך 30-60 דקות לפני השימוש<br />לקבלת תוצאה מיטבית יש להניח ישירות על גבי הגחלים או בתיבת שבבים  לעישון<br />מתאים לגרילים ולמעשנות חשמליות וגז<br /><br />משקל: 900 גר",5.0,0.9,https://cdna.wobily.com/images/d6e33a99-7cc2-4c1f-9fc2-ebfbafaaf4a5.jpg,,,,,True,False,שבבי עץ לעישון; ,,
20Z9EHTXP4,שבבי עץ לעישון חם אגס 900 גרם,שבבי-עץ-לעישון-חם-אגס-900-גרם,עישון חם,80,69,0,,,,"שבבי עץ בטעם אגס<br />מושלם לעישון בשרים, דגים, עופות, ירקות ועוד...<br /><br />יש להשרות במים במשך 30-60 דקות לפני השימוש<br />לקבלת תוצאה מיטבית יש להניח ישירות על גבי הגחלים או בתיבת שבבים (ראו באתר) לעישון<br />מתאים לגרילים ולמעשנות חשמליות וגז<br /><br />משקל: 900 גר&#39;",6.0,0.0,https://cdna.wobily.com/images/f61bba99-d43c-45af-b77e-b48ed7f3dd82.jpg,,,,,True,False,שבבי עץ לעישון; ,,
MQT8CB02MP,שבבי עץ גפן לעישון חם  900 גרם,שבבי-עץ-לעישון-חם-אלון-900-גרם,עישון חם,80,69,0,,,,"שבבי עץ גפן<br />מושלם לעישון בשרים, עופות, ירקות ועוד...<br /><br />יש להשרות במים במשך 30-60 דקות לפני השימוש<br />לקבלת תוצאה מיטבית יש להניח ישירות על גבי הגחלים או בתיבת שבבים  לעישון<br />מתאים לגרילים ולמעשנות חשמליות וגז<br /><br />משקל: 900 גר",2.0,0.9,https://cdna.wobily.com/images/d6e33a99-7cc2-4c1f-9fc2-ebfbafaaf4a5.jpg,,,,,True,False,שבבי עץ לעישון; ,,
YC9MVWZDTJ,שבבי עץ לעישון חם אפרסק 900 גרם,שבבי-עץ-לעישוןחם-אפרסק-900-גרם,עישון חם,80,69,0,,,,"שבבי עץ אפרסק<br />מושלם לעישון בשרים, דגים, עופות, ירקות ועוד...<br /><br />יש להשרות במים במשך 30-60 דקות לפני השימוש<br />לקבלת תוצאה מיטבית יש להניח ישירות על גבי הגחלים או בתיבת שבבים (ראו באתר) לעישון<br />מתאים לגרילים ולמעשנות חשמליות וגז<br /><br />משקל: 900 גר",8.0,0.9,https://cdna.wobily.com/images/d6e33a99-7cc2-4c1f-9fc2-ebfbafaaf4a5.jpg,,,,,True,False,שבבי עץ לעישון; ,,
P9R30NDB47,שבבי עץ לעישון חם עשור 900 גרם,שבבי-עץ-לעישון-חם-עשור-900-גרם,עישון חם,80,69,0,,,,"שבבי עץ אשור<br />מושלם לעישון בשרים, דגים, עופות, ירקות ועוד...<br /><br />יש להשרות במים במשך 30-60 דקות לפני השימוש<br />לקבלת תוצאה מיטבית יש להניח ישירות על גבי הגחלים או בתיבת שבבים (ראו באתר) לעישון<br />מתאים לגרילים ולמעשנות חשמליות וגז<br /><br />משקל: 900 גר",4.0,0.9,https://cdna.wobily.com/images/d6e33a99-7cc2-4c1f-9fc2-ebfbafaaf4a5.jpg,,,,,True,False,שבבי עץ לעישון; ,,
7M7BD05ZKP,שבלול עישון קר,שבלול-עישון-קר,מוצרי עזר,120,90,0,43.0,,,,5.0,0.0,https://cdna.wobily.com/images/a977b985-9321-4ad0-a1e4-1c4d5d917c3e.jpg,,,,,True,False,,,
JOWB3XZBP7,"שקיות ואקום חלקות 20×30 ס""מ 100 יחידות",שקיות-ואקום-חלקות-20×30-סמ-100-יחידות,שקיות ואקום חלקות,70,0,0,35.0,,,"שקיות ואקום חלקות 90 מיקרון.&nbsp;<br />שקיות הוואקום מיוצרות באיטליה תחת הקפדה על איכות גבוהה במיוחד.<div>השקיות מתאימות למגוון שימושים: בישול ביתי, מסעדות, קייטרינג, תעשייה ועוד</div><div>איכות השקיות מאפשרת שימוש נכון ויעיל לדוגמא: לצורך בישול בטכנולוגית סוויד - sous vide , אריזת מוצרים חדים וכו&#39;.</div><div>&nbsp;</div><div><br />&nbsp;</div>",,0.0,https://cdna.wobily.com/images/47013944-111f-4fe6-84e9-426f955ff8f7.jpg,,,,,True,False,סו-ויד ועביזרים; ,,
LJQVA2NRRQ,"שקיות ואקום חלקות 25×35 ס""מ  100 יח",שקיות-ואקום-חלקות-25×35-סמ-100-יח,שקיות ואקום חלקות,100,0,0,52.0,,,"<span style=""font-family: &quot;open sans hebrew&quot;; font-size: 15px; background-color: rgb(255, 255, 255);"">שקיות ואקום חלקות 90 מיקרון.&nbsp;</span><br style=""box-sizing: border-box; font-family: &quot;open sans hebrew&quot;; font-size: 15px; background-color: rgb(255, 255, 255);"" /><span style=""font-family: &quot;open sans hebrew&quot;; font-size: 15px; background-color: rgb(255, 255, 255);"">שקיות הוואקום מיוצרות באיטליה תחת הקפדה על איכות גבוהה במיוחד.</span><div style=""box-sizing: border-box; max-width: 100%; font-family: &quot;open sans hebrew&quot;; font-size: 15px; background-color: rgb(255, 255, 255);"" tabindex=""0"">השקיות מתאימות למגוון שימושים: בישול ביתי, מסעדות, קייטרינג, תעשייה ועוד</div><div style=""box-sizing: border-box; max-width: 100%; font-family: &quot;open sans hebrew&quot;; font-size: 15px; background-color: rgb(255, 255, 255);"" tabindex=""0"">איכות השקיות מאפשרת שימוש נכון ויעיל לדוגמא: לצורך בישול בטכנולוגית סוויד - sous vide , אריזת מוצרים חדים וכו&#39;.</div>",,0.0,https://cdna.wobily.com/images/942c54a4-8776-41a9-8886-25c7300466ee.jpg,,,,,True,False,סו-ויד ועביזרים; ,,
425QG5VRW9,"שקיות ואקום חלקות 30×40 ס""מ 100 יחידות",שקיות-ואקום-חלקות-30×40-סמ-100-יחידות,שקיות ואקום חלקות,125,0,0,71.0,,,"<span style=""font-family: &quot;open sans hebrew&quot;; font-size: 15px; background-color: rgb(255, 255, 255);"">שקיות ואקום חלקות 90 מיקרון.&nbsp;</span><br style=""box-sizing: border-box; font-family: &quot;open sans hebrew&quot;; font-size: 15px; background-color: rgb(255, 255, 255);"" /><span style=""font-family: &quot;open sans hebrew&quot;; font-size: 15px; background-color: rgb(255, 255, 255);"">שקיות הוואקום מיוצרות באיטליה תחת הקפדה על איכות גבוהה במיוחד.</span><div style=""box-sizing: border-box; max-width: 100%; font-family: &quot;open sans hebrew&quot;; font-size: 15px; background-color: rgb(255, 255, 255);"" tabindex=""0"">השקיות מתאימות למגוון שימושים: בישול ביתי, מסעדות, קייטרינג, תעשייה ועוד</div><div style=""box-sizing: border-box; max-width: 100%; font-family: &quot;open sans hebrew&quot;; font-size: 15px; background-color: rgb(255, 255, 255);"" tabindex=""0"">איכות השקיות מאפשרת שימוש נכון ויעיל לדוגמא: לצורך בישול בטכנולוגית סוויד - sous vide , אריזת מוצרים חדים וכו&#39;.</div>",,0.0,https://cdna.wobily.com/images/172cd1e8-d5d8-4582-a49a-c72a2b9d00da.jpg,,,,,True,False,סו-ויד ועביזרים; ,,
MYBCNW0X4E,"שקיות ואקום חלקות 40x60 ס""מ 100 יחידות",שקיות-ואקום-חלקות-40x60-סמ-100-יחידות,שקיות ואקום חלקות,160,0,0,105.0,,,70 מיקרון ,4.0,0.0,https://cdna.wobily.com/images/172cd1e8-d5d8-4582-a49a-c72a2b9d00da.jpg,,,,,True,False,,,
RQABMBA80E,"שקיות ואקום מחורצות למזון 20x30 ס""ם 50 יחידות",שקיות-ואקום-מחורצות-20x30-סם-100-יחידות,סו-ויד ועביזרים,65,0,0,67.86,0.0,,"<div tabindex=""0"">שקיות ואקום מחורצות לשימור ובישול מזון בסו-ויד. השקיות מיועדות לכל סוגי המכונות הוואקום הבייתיות.<br />כמות: 50 יחידות השקיות עומדות בדרישות התקן של המכון התקנים הישראלי ובטוחות לישמוש עם מזון.</div><div tabindex=""0"">&nbsp;</div><div tabindex=""0"">&nbsp;</div><div tabindex=""0"">&nbsp;</div><div tabindex=""0"">&nbsp;</div><div tabindex=""0"">&nbsp;</div><div tabindex=""0"">&nbsp;</div><div tabindex=""0"">&nbsp;</div><div tabindex=""0"">&nbsp;</div><div tabindex=""0"">&nbsp;</div><div tabindex=""0"">&nbsp;</div><div class=""s3gt_translate_tooltip_mini_box"" id=""s3gt_translate_tooltip_mini"" style=""background: initial !important; border: initial !important; border-radius: initial !important; border-spacing: initial !important; border-collapse: initial !important; direction: ltr !important; flex-direction: initial !important; font-weight: initial !important; height: initial !important; letter-spacing: initial !important; min-width: initial !important; max-width: initial !important; min-height: initial !important; max-height: initial !important; margin: auto !important; outline: initial !important; padding: initial !important; position: absolute; table-layout: initial !important; text-align: initial !important; text-shadow: initial !important; width: initial !important; word-break: initial !important; word-spacing: initial !important; overflow-wrap: initial !important; box-sizing: initial !important; display: initial !important; color: inherit !important; font-size: 13px !important; font-family: X-LocaleSpecific, sans-serif, Tahoma, Helvetica !important; line-height: 13px !important; vertical-align: top !important; white-space: inherit !important; left: 935px; top: 35px; opacity: 0.15;"">&nbsp;</div><div class=""right"" id=""details-props-td""><div class=""product-checkout"" style=""""><div class=""product-title-cont""><div><div class=""only-description only-description-top"" itemprop=""description"">&nbsp;</div>&nbsp;<div class=""cc-product-details-payment-infos-and-share"">&nbsp;</div><div class=""clear"">&nbsp;</div></div></div><div class=""clear"">&nbsp;</div></div></div>",,0.0,https://cdna.wobily.com/images/7da1fd6a-0228-4ec0-b4b5-3295be703e93.jpg,,,,,True,False,שקיות ואקום מחורצות; ,,
IODT564HF2,"שקיות ואקום מחורצות למזון 25x35 ס""ם 100 יחידות",שקיות-ואקום-מחורצות-25x35-סם-100-יחידות,סו-ויד ועביזרים,160,0,0,105.3,0.0,,"<div id=""product-header-content"" style=""box-sizing: border-box; padding-left: 10px; padding-right: 0px; font-family: &quot;open sans hebrew&quot;; font-size: 15px; background-color: rgb(255, 255, 255);""><div class=""left"" id=""details-image-td"" style=""box-sizing: border-box; float: right !important; width: 354px;""><div class=""right"" id=""details-props-td"" style=""box-sizing: border-box; float: left !important; width: 354px; margin-left: 0px; margin-bottom: 25px; z-index: 100; position: relative; max-width: 100%; margin-right: 0px;""><div class=""product-checkout"" style=""box-sizing: border-box;""><div class=""product-title-cont"" style=""box-sizing: border-box;""><div class=""s3gt_translate_tooltip_mini_box"" id=""s3gt_translate_tooltip_mini"" is_mini=""true"" style=""box-sizing: initial !important; max-width: initial !important; position: absolute; left: 935px; top: 35px; opacity: 0.15; background: initial !important; border: initial !important; border-radius: initial !important; border-spacing: initial !important; border-collapse: initial !important; direction: ltr !important; flex-direction: initial !important; font-weight: initial !important; height: initial !important; letter-spacing: initial !important; min-width: initial !important; min-height: initial !important; max-height: initial !important; margin: auto !important; outline: initial !important; padding: initial !important; table-layout: initial !important; text-align: initial !important; text-shadow: initial !important; width: initial !important; word-break: initial !important; word-spacing: initial !important; overflow-wrap: initial !important; display: initial !important; color: inherit !important; font-size: 13px !important; font-family: X-LocaleSpecific, sans-serif, Tahoma, Helvetica !important; line-height: 13px !important; vertical-align: top !important; white-space: inherit !important;""><div class=""s3gt_translate_tooltip_mini"" id=""s3gt_translate_tooltip_mini_logo"" style=""box-sizing: border-box; max-width: 100%;"" title=""Translate selected text"">&nbsp;</div><div class=""s3gt_translate_tooltip_mini"" id=""s3gt_translate_tooltip_mini_sound"" style=""box-sizing: border-box; max-width: 100%;"" title=""Play"" title_play=""Play"" title_stop=""Stop"">&nbsp;</div><div class=""s3gt_translate_tooltip_mini"" id=""s3gt_translate_tooltip_mini_copy"" style=""box-sizing: border-box; max-width: 100%;"" title=""Copy text to Clipboard"">&nbsp;</div></div>שקיות ואקום מחורצות לשימור ובישול מזון בסו-ויד. השקיות מיועדות לכל סוגי המכונות הוואקום הבייתיות.<br />כמות: 100 יחידות השקיות עומדות בדרישות התקן של המכון התקנים הישראלי ובטוחות לישמוש עם מזון.<div class=""cc-product-details-payment-infos-and-share"" style=""box-sizing: border-box;"">&nbsp;</div><div class=""clear"" style=""box-sizing: border-box; clear: both;"">&nbsp;</div></div><div class=""clear"" style=""box-sizing: border-box; clear: both;"">&nbsp;</div></div></div><div style=""box-sizing: border-box;"">&nbsp;</div><div style=""box-sizing: border-box;"">&nbsp;</div></div></div>",9.0,0.0,https://cdna.wobily.com/images/0d3f5f2a-61a5-4656-ba88-4f2a1dde2a75.jpg,,,,,True,False,שקיות ואקום מחורצות; ,,
FXZOQT68MS,"שקיות ואקום מחורצות למזון 30X40 ס""מ 100 יחדות",שקיות-ואקום-מחורצות-30X40,סו-ויד ועביזרים,170,0,0,115.0,,שקיות ואקום מחורצות למזון במיוחד לבישול בסו-ויד,שקיות ואקום מחורצות לשימור ובישול מזון בסו-ויד. השקיות מיועדות לכל סוגי המכונות הוואקום הבייתיות.<br />כמות: 100 יחידות השקיות עומדות בדרישות התקן של המכון התקנים הישראלי ובטוחות לישמוש עם מזון.,8.0,0.0,https://cdna.wobily.com/images/d9715317-da70-40ed-a2ce-828203ae4f72.jpg,,,,,True,False,שקיות ואקום מחורצות; ,,
XIDUHXGI2J,"שקיות ואקום מחורצות למזון 15x30 ס""ם  100 יחידות",שקיות-ואקום-מחורצות-35x25-סמ-100-יחידות,סו-ויד ועביזרים,90,0,0,51.48,,שקיות ואקום ,"<div>שקיות ואקום מחורצות לשימור ובישול מזון בסו-ויד. השקיות מיועדות לכל סוגי המכונות הוואקום הבייתיות.<br />כמות: 100 יחידות השקיות עומדות בדרישות התקן של המכון התקנים הישראלי ובטוחות לישמוש עם מזון.</div><div>&nbsp;</div><div>&nbsp;</div><div>&nbsp;</div><div>&nbsp;</div><div class=""s3gt_translate_tooltip_mini_box"" id=""s3gt_translate_tooltip_mini"" is_mini=""true"" style=""background: initial !important; border: initial !important; border-radius: initial !important; border-spacing: initial !important; border-collapse: initial !important; direction: ltr !important; flex-direction: initial !important; font-weight: initial !important; height: initial !important; letter-spacing: initial !important; min-width: initial !important; max-width: initial !important; min-height: initial !important; max-height: initial !important; margin: auto !important; outline: initial !important; padding: initial !important; position: absolute; table-layout: initial !important; text-align: initial !important; text-shadow: initial !important; width: initial !important; word-break: initial !important; word-spacing: initial !important; overflow-wrap: initial !important; box-sizing: initial !important; display: initial !important; color: inherit !important; font-size: 13px !important; font-family: X-LocaleSpecific, sans-serif, Tahoma, Helvetica !important; line-height: 13px !important; vertical-align: top !important; white-space: inherit !important; left: 935px; top: 35px; opacity: 0.15;""><div class=""s3gt_translate_tooltip_mini"" id=""s3gt_translate_tooltip_mini_logo"" title=""Translate selected text"">&nbsp;</div><div class=""s3gt_translate_tooltip_mini"" id=""s3gt_translate_tooltip_mini_sound"" title=""Play"" title_play=""Play"" title_stop=""Stop"">&nbsp;</div><div class=""s3gt_translate_tooltip_mini"" id=""s3gt_translate_tooltip_mini_copy"" title=""Copy text to Clipboard"">&nbsp;</div></div><link href=""moz-extension://9b9d073b-7818-44e6-a5b1-ceb6aa21c11e/skin/s3gt_tooltip_mini.css"" rel=""stylesheet"" type=""text/css"" /><style media=""print"" type=""text/css"">#s3gt_translate_tooltip_mini { display: none !important; }</style>",,0.0,https://cdna.wobily.com/images/d782a6f7-2837-40bf-a1ec-bea7566fdaf7.jpg,,,,,True,False,שקיות ואקום מחורצות; ,,
I0G7NCBSXO,"שרבול פיברוזי כשר בעיצוב פרחוני 85 מ""מ 13 מטר",שרבול-פיברוזי-בעיצוב-פרחוני-85-ממ-2-מטר,שרוולים לנקניקים,300,0,0,,,,"שרבול פיברוזי בעיצוב פרחוני הוא המענה המושלם לכל אוהבי הנקניקים! 🌸 הוא לא רק מוסיף מגע ייחודי למראה המנה, אלא גם מבטיח הכנה קלה ויעילה. 🍽️ השרבול מעניק למוצר סגנון ואסתטיקה, ויחד עם זאת מאפשר יצירת נקניקים עסיסיים ומלאי טעם. 🌟 השימוש בו פשוט, והגשה מרשימה לכל אירוע היא הכרחית. 🎉 התנסו בשרבול הזה ותראו שהנקניקים שלכם ימשכו רגשות ומחמאות! 🥳",1.0,0.15,https://cdna.wobily.com/images/d52cffbd-2c1f-4b17-aced-d33416e72060.jpg,https://cdna.wobily.com/images/71b04fba-c6d1-43b2-b2a0-eb4c1020b541.jpg,,,,True,False,שרוולים פיברוז; שרוולים כשרים; ,,
1K4NS35OZK,שרוול בד כשר עם ציפי פלפל שחור,שרוול-בד-עם-ציפי-פלפל-שחור,שרוולים לנקניקים,40,0,0,,,,שרוול עם צפוי פלפל שחור. אורך 50 ס&quot;מ קותר 60 מ&quot;מ מתאים לנקניקים יבשים ומבשלים.,,0.0,https://cdna.wobily.com/images/75b6eaa8-5d29-4830-9a2f-ed0eed905fdc.jpg,https://cdna.wobily.com/images/15ff208b-3a76-4547-ac44-d8b9ba6a8a1c.jpg,,,,True,False,שרוולים בד עם תבלינים; שרוולים כשרים; ,,
U3P8KPPT1B,שרוולים קולגן לנקניקיות גריל Viscofan,שרוולים-לנקניקיות-גריל-15-מטר-Viscofan,שרוולים לנקניקים,45,0,0,,,"שרוול קולגן איכותי לנקניקיות גריל מבית Viscofan. מתאים לצלייה על אש, מנגל, גז, חשמל וטיגון. אכיל ועמיד, לשפים וחובבי בישול.","&nbsp;<div>&nbsp;</div><div>שרוול קולגן לנקניקיות - Viscofan</div><div>&nbsp;</div><div>שרוול קולגן איכותי מבית Viscofan, מותאם במיוחד לנקניקיות גריל. השרוול אינו כשר, אך הוא אכיל ומיועד לשימוש במגוון שיטות בישול: צלייה על אש, מנגל פחמים, גז, חשמל, טיגון במחבת ופלנצ&#39;ה. מוצר אירופאי אמין ועמיד, המבטיח תוצאות מצוינות בכל פעם.</div><div>&nbsp;</div>",12.0,0.0,https://cdna.wobily.com/images/dd7dde5b-6e31-4ec3-9db3-681f103a08b8.jpg,,,,,True,False,שרוולים קולגן; ,,
ZYOALJC4DI,"שרוולים לנקניקיות גריל כשר בד""ץ 15 מטר Viscofan",שרוול-לנקניקיות-גריל-כשר-בדץ,שרוולים לנקניקים,50,0,0,,,"שרוול קולגן  כשר בד""ץ בית יוסף חלק לנקניקיות גריל","שרוול קולגן&nbsp; כשר בד&quot;ץ בית יוסף חלק לנקניקיות גריל<div class=""s3gt_translate_tooltip_mini_box"" id=""s3gt_translate_tooltip_mini"" is_bottom=""true"" is_mini=""true"" style=""background: initial !important; border: initial !important; border-radius: initial !important; border-spacing: initial !important; border-collapse: initial !important; direction: ltr !important; flex-direction: initial !important; font-weight: initial !important; height: initial !important; letter-spacing: initial !important; min-width: initial !important; max-width: initial !important; min-height: initial !important; max-height: initial !important; margin: auto !important; outline: initial !important; padding: initial !important; position: absolute; table-layout: initial !important; text-align: initial !important; text-shadow: initial !important; width: initial !important; word-break: initial !important; word-spacing: initial !important; overflow-wrap: initial !important; box-sizing: initial !important; display: initial !important; color: inherit !important; font-size: 13px !important; font-family: X-LocaleSpecific, sans-serif, Tahoma, Helvetica !important; line-height: 13px !important; vertical-align: top !important; white-space: inherit !important; left: 258px; top: 35px; opacity: 0;""><div class=""s3gt_translate_tooltip_mini"" id=""s3gt_translate_tooltip_mini_logo"" title=""Translate selected text"">&nbsp;</div><div class=""s3gt_translate_tooltip_mini"" id=""s3gt_translate_tooltip_mini_sound"" title=""Play"" title_play=""Play"" title_stop=""Stop"">&nbsp;</div><div class=""s3gt_translate_tooltip_mini"" id=""s3gt_translate_tooltip_mini_copy"" title=""Copy text to Clipboard"">&nbsp;</div></div><style media=""print"" type=""text/css"">#s3gt_translate_tooltip_mini { display: none !important; }</style>.<br /><span style=""white-space: pre-wrap"">יצרן אירופאי </span><span data-mce-style=""font-size: 1.4em;"" style=""box-sizing: border-box; font-size: 1.4em;"">Viscofan </span><br type=""_moz"" /><span style=""white-space: pre-wrap"">השרוול אכיל ומותאם לצלייה על האש, מנגל פחמים, גז, חשמלי, </span><span style=""white-space: pre-wrap"">טיגון במחבת ופלנצ&#39;ה.</span>",16.0,0.0,https://cdna.wobily.com/images/cd3b8f55-db44-4309-ba53-bb484616d6c7.jpg,https://cdna.wobily.com/images/639baff9-8f8b-47fc-81fb-0828e50f6510.jpg,,,,True,False,שרוולים קולגן; שרוולים כשרים; ,,
NRS71EESLUPXQQG,"שרוול פוליאמיד 24 מ""מ 27 מטר כשר",שרוול-פוליאמיד,שרוולים לנקניקים,30,20,0,0.0,,"24 מ""מ 27,5 מטר","&nbsp;24 מ&quot;מ 27 מטר<br />מתאים לנקניקיות אמולסיה<div class=""s3gt_translate_tooltip_mini_box"" id=""s3gt_translate_tooltip_mini"" is_bottom=""true"" is_mini=""true"" style=""background: initial !important; border: initial !important; border-radius: initial !important; border-spacing: initial !important; border-collapse: initial !important; direction: ltr !important; flex-direction: initial !important; font-weight: initial !important; height: initial !important; letter-spacing: initial !important; min-width: initial !important; max-width: initial !important; min-height: initial !important; max-height: initial !important; margin: auto !important; outline: initial !important; padding: initial !important; position: absolute; table-layout: initial !important; text-align: initial !important; text-shadow: initial !important; width: initial !important; word-break: initial !important; word-spacing: initial !important; overflow-wrap: initial !important; box-sizing: initial !important; display: initial !important; color: inherit !important; font-size: 13px !important; font-family: X-LocaleSpecific, sans-serif, Tahoma, Helvetica !important; line-height: 13px !important; vertical-align: top !important; white-space: inherit !important; left: 1015px; top: 35px; opacity: 0.4;""><div class=""s3gt_translate_tooltip_mini"" id=""s3gt_translate_tooltip_mini_logo"" title=""Translate selected text"">&nbsp;</div><div class=""s3gt_translate_tooltip_mini"" id=""s3gt_translate_tooltip_mini_sound"" title=""Play"" title_play=""Play"" title_stop=""Stop"">&nbsp;</div><div class=""s3gt_translate_tooltip_mini"" id=""s3gt_translate_tooltip_mini_copy"" title=""Copy text to Clipboard"">&nbsp;</div></div><link href=""moz-extension://9b9d073b-7818-44e6-a5b1-ceb6aa21c11e/skin/s3gt_tooltip_mini.css"" rel=""stylesheet"" type=""text/css"" /><style media=""print"" type=""text/css"">#s3gt_translate_tooltip_mini { display: none !important; }</style>",,,https://cdna.wobily.com/images/d3de5099-807f-4097-97f4-801dc02afc20.jpg,https://cdna.wobily.com/images/1cad2354-8a5e-4b9b-82af-8a27718c621a.jpg,,,,True,False,שרוולים פוליאמיד; שרוולים כשרים; מבצעים החודש; ,,
A1SCZ4AGB3,"שרוול פוליאמיד 80 מ""מ 30 מטר כשר",שרוול-פוליאמיד-80-ממ-30-מטר,שרוולים לנקניקים,100,0,0,,,,"<div>שרוול פוליאמיד 80 מ&quot;מ 30 מטר</div><div>מתאים לנקניקים בסיגנון מורטודלה<br /><span style=""font-size:14px;""><span class=""a-list-item"" style=""box-sizing: border-box;"">להשרות במים חמים 5 דקות לפני מילוי</span></span></div>",1.0,0.0,https://cdna.wobily.com/images/924dfefb-44cc-48c0-8a94-c22a550dbd0e.jpg,https://cdna.wobily.com/images/e22f04ef-4404-4a7d-8253-cddf45fd9fbe.jpg,,,,True,False,שרוולים פוליאמיד; שרוולים כשרים; ,,
G402W2YIHO,"שרוול פולימר בסיגנון של אומאי 20 ס""מ אורך 2 מטר",שרוול-פולימר-20-סמ-אורך-2-מטר,שרוולים לנקניקים,60,0,0,,,,שרוול פולימרי ליבש נתחים שלמים במקרר רגיל.,,0.0,https://cdna.wobily.com/images/8cdf537c-0657-44ef-84eb-16ee040507ac.jpg,https://cdna.wobily.com/images/a7e8bbb5-ebee-497b-9534-804da41afcc8.jpg,,,https://youtu.be/GewM16BESxc?feature=shared,True,False,שרוולים פולימר לנקניקים יבשים במקרר רגיל; ,,
0VKTSI5INI,"שרוול פולימר 47 מ""מ  3 מטר",שרוול-פולימר-47-ממ-3-מטר,שרוולים לנקניקים,40,0,0,,,שרוול פולימר ליבוש לנקניקים יבשים במקרר רגיל ,שרוול פולימרי לנקניקים יבשים במקרר רגיל,,0.0,https://cdna.wobily.com/images/1b2adcbf-5112-49bb-a4f9-e345096ba4d9.jpg,,,,,True,False,שרוולים פולימר לנקניקים יבשים במקרר רגיל; ,,
3CSK2MPHDKAY9V1,"שרוול פיברוז 45 מ""מ   כשר",שרוול-פיברוז,שרוולים לנקניקים,35,25,0,1.5,,"90 מ""מ 3 יחידות. לנקניקים מבושלים כמו מורטודלה",". מתאים לכל הסוגים הנקניקים מבושלים, מעושנים ויבשים",,,https://cdna.wobily.com/images/960d3dc2-0258-4f0a-976f-b88dde9c3f08.jpg,https://cdna.wobily.com/images/4d478235-fad7-4d23-bce7-270dad0dac56.jpg,,,,True,False,שרוולים פיברוז; שרוולים כשרים; ,,
8WUGCYV9P4,"שרוול פיברוז 55 מ""מ 30 מטר כשר",שרוול-פיברוז-55-ממ-30-מטר,שרוולים לנקניקים,200,0,0,,,,שרוול פיברוז מתאים לכל סוגים נקניקים,0.0,0.0,https://cdna.wobily.com/images/0f868f10-42ec-4db3-9b82-3edf0f3faf20.jpg,https://cdna.wobily.com/images/58b85cef-a5b8-4b8c-88af-3fc80a4bd508.jpg,,,,True,False,שרוולים פיברוז; שרוולים כשרים; ,,
WPE4AGWFNK,"שרוול פיברוז 90 מ""מ 30 מטר כשר",שרוול-פיברוז-90-ממ,שרוולים לנקניקים,250,0,0,,,,"מתאים לנקניקים מבושלים כמו מורטודלה ושינקה<br /><span style=""font-size:14px;""><span class=""a-list-item"" style=""box-sizing: border-box;"">להשרות במים חמים 5 דקות לפני מילוי</span></span>",2.0,0.0,https://cdna.wobily.com/images/56b4dab6-a346-43bc-8af5-8882edf9c151.jpg,https://cdna.wobily.com/images/47e2e3b2-0096-49b2-8acb-a1102c4cacd4.jpg,https://cdna.wobily.com/images/7991129f-ee7b-4322-98ec-4390a64a8bf1.jpg,,,True,False,שרוולים פיברוז; שרוולים כשרים; ,,
IERAZUQ9S9,"שרוול  פיברוזה לייצור נקניקים – אורך 50 ס""מ",שרוול-פיברוזה-לייצור-נקניקים-–-אורך-50-סמ,שרוולים לנקניקים,8,0,0,,,"שרוול פיברוזה מקצועי באורך 50 ס""מ להכנת נקניקים. אידיאלי לעישון, ייבוש ויישון – חדיר לעשן, עמיד, וסופג לחות עודפת. מושלם להכנת נקניקים בבית.","שרוול פיברוזה איכותי ומקצועי לייצור נקניקים ביתיים.<div>מתאים ליישון, עישון וייבוש &ndash; שומר על הצורה, חדיר לעשן, וסופג נוזלים עודפים לתוצאה אחידה.</div><div>&nbsp;</div><div>יתרונות:</div><div>&nbsp;</div><div>חדיר לעשן &ndash; מתאים לעישון קר וחם</div><div>&nbsp;</div><div>שומר על צורת הנקניק ועמיד בפני קריעה</div><div>&nbsp;</div><div>מאפשר ייבוש אחיד בזכות ספיגת לחות</div><div>&nbsp;</div><div>לשימוש קל ונוח &ndash; מגיע מוכן עם קשירה בקצה</div><div>&nbsp;</div><div>&nbsp;</div><div>אורך: 50 ס&quot;מ</div><div>&nbsp;</div>",,0.0,https://cdna.wobily.com/images/6e124454-95b4-41f7-b7ef-da4565cf3ef1.jpg,,,,,True,False,שרוולים פיברוז; שרוולים כשרים; ,,
0I4WU6UN0G,"שרוול צלולוזה כשר 22 מ""מ 21 מטר",שרוול-צלולוזה-כשר-22-ממ-21-מטר,שרוולים לנקניקים,25,0,0,6.72,,,,,0.0,https://cdna.wobily.com/images/6743f94b-6464-4ebc-a92e-e982e3a1fed9.jpg,https://cdna.wobily.com/images/bfccfa33-9163-41e8-9d10-3a9d33ee04bc.jpg,,,,True,False,שרוולים צלולוזה; שרוולים כשרים; ,,
YRXN798DA3,"שרוול צלולוזה לנקניקים 80 מ""מ קוטר",שרוול-צלולוזה-לנקניקים,שרוולים לנקניקים,30,25,0,3.0,,"שרוול צלולוזה לנקניקים בקוטר 80 מ""מ . מתאים לייצור נקניקים מבושלים ומעושנים, עמיד בטמפרטורות גבוהות ואקולוגי.","&nbsp;<div>&nbsp;</div><div>מוצר: שרוול צלולוזה לנקניקים</div><div>&nbsp;</div><div>מאפיינים:</div><div>קוטר:** 80 מ&quot;מ</div><div>חומר:** צלולוזה</div><div>&nbsp;</div><div>תיאור:</div><div>שרוול צלולוזה נועד להכנת נקניקים ומספק חדירות מצוינת לעישון והתכווצות אחידה.</div><div>&nbsp;</div><div>יתרונות:</div><div>חומר ידידותי לסביבה</div><div>מתאים לסוגים שונים של נקניקים</div><div>עמיד בטמפרטורות גבוהות</div><div>&nbsp;</div><div>שימושים:</div><div>ייצור נקניקים מבושלים ומעושנים</div><div>יצירת מרקם וצורה אחידים למוצר</div><div>&nbsp;</div><div>פרטי קשר:</div><div>ליצירת קשר והזמנות, אנא פנו אלינו.</div><div>&nbsp;</div>",,0.0,https://cdna.wobily.com/images/4f051b43-cd2f-41d8-b508-3996e649d5bd.jpg,,,,,True,False,שרוולים צלולוזה; מבצעים החודש; ,,
MJAGBJ24AL,שרוול צמחי לנקניקיות גריל כשר,שרוול-צמחי-לנקניקיות-גריל-24-ממ,שרוולים לנקניקים,50,25,0,,,"מחפשים שרוול נקניקיות כשר שיעשה את הגריל שלכם לטעים במיוחד? שרוול הנקניקיות שלנו עשוי מחומרים איכותיים, קל לשימוש ומבטיח טעם מעולה. קנו עכשיו!","השרוול הצמחי הכשר שלנו עשוי מחלבון סויה איכותי ומציע פתרון מצוין הן להכנת נקניקיות בשר והן לנקניקיות טבעוניות על הגריל. אין צורך להשרות במים, מה שמפשט את תהליך ההכנה וחוסך זמן. עמידות בחום ושמירה על עסיסיות מבטיחים לנקניקיות שלך מרקם וטעם מעולים, בין אם מדובר בבשר או בתחליף טבעוני.<div>&nbsp;</div><div>**יתרונות השרוול הצמחי:**</div><ol>	<li>- כשר ומתאים לנקניקיות בשר ונקניקיות טבעוניות</li>	<li>- מתאים לגריל ולצלייה</li>	<li>- ללא צורך בהשריה</li>	<li>- עשוי מחומרים טבעיים</li>	<li>- נוח לשימוש וקל לתפעול</li></ol><div>&nbsp;</div><div>שדרג את חוויית הבישול שלך והפוך אותה לבריאה וטעימה יותר עם השרוול הצמחי הכשר שלנו. מושלם למי שמחפש פתרונות כשרים ואיכותיים לגריל.</div>",1.0,0.0,https://cdna.wobily.com/images/4b04aed6-c16c-4a4a-8889-b26c46df97c9.jpg,https://cdna.wobily.com/images/61baee50-2191-4d4b-a189-410f30bdc7ec.jpg,,,,True,False,שרוולים כשרים; ,,
PB82T2YRDK,"שרוול קולגן לנקניקיות גריל 19 מ""מ Devro",שרוול-קולגן-19-ממ,שרוולים לנקניקים,35,0,0,,,"שרוול קולגן אכיל לנקניקיות גריל מבית Devro. מתאים לצלייה על האש, מנגל פחמים, גז, חשמלי וטיגון במחבת. איכות אירופאית לתוצאה מושלמת. הזמינו עכשיו!","&nbsp;<div>**שרוול קולגן אכיל לנקניקיות גריל מבית Devro**</div><div>&nbsp;</div><div>גלה את שרוול הקולגן האיכותי שלנו לנקניקיות גריל, מבית היצרן האירופאי המוביל, Devro. מתאים לצלייה על האש, מנגל פחמים, גז, חשמלי, טיגון במחבת ופלנצ&#39;ה.</div><div>&nbsp;</div><div>**יתרונות המוצר:**</div><div>- עמיד בחום גבוה</div><div>- אכיל ונוח לשימוש</div><div>- מתאים למגוון שיטות בישול</div><div>&nbsp;</div><div>שדרג את חוויית הצלייה שלך עם מוצר קולגן איכותי, המבטיח תוצאה עסיסית ומושלמת בכל פעם.</div><div>&nbsp;</div><div>**הזמינו עכשיו באתר ותיהנו ממשלוח מהיר!**</div><div>&nbsp;</div>",,0.0,https://cdna.wobily.com/images/ece8ce36-f028-4c34-8471-5ac65a418b8d.jpg,,,,,True,False,שרוולים קולגן; ,,
CWJJ8B6Q1Z6YB3B,"שרוול קולגן 40 מ""מ 12 מטר",שרוול-קולגן-41-ממ,שרוולים לנקניקים,45,0,0,0.0,,"40 מ""מ אורך 12 מטר. מתאים לבישול בתנור או מעשנה",אורך 12 מטר. מתאים לבישול בתנור או מעשנה עד טמפרטורה 80-90 מעלות<br />&nbsp;,,,https://cdna.wobily.com/images/1fa870fe-8103-4300-af44-7cf32de8c658.jpg,,,,,True,False,שרוולים קולגן; ,,
WB77CEK3927JPW0,"שרוול קולגן 45 מ""מ 20 מטר",שרוול-קולגן-45-ממ,שרוולים לנקניקים,130,100,0,0.0,,"45 מ""מ 20 מטר. מתאים לנקניקים יבשים, מבושלים ומעושנים","<span style=""font-size:14px;"">20 מטר. מתאים לנקניקים יבשים, מבושלים ומעושנים<br /><span class=""a-list-item"" style=""box-sizing: border-box;"">להשרות במים חמים 5 דקות</span></span><div class=""s3gt_translate_tooltip_mini_box"" id=""s3gt_translate_tooltip_mini"" is_bottom=""true"" is_mini=""true"" style=""background: initial !important; border: initial !important; border-radius: initial !important; border-spacing: initial !important; border-collapse: initial !important; direction: ltr !important; flex-direction: initial !important; font-weight: initial !important; height: initial !important; letter-spacing: initial !important; min-width: initial !important; max-width: initial !important; min-height: initial !important; max-height: initial !important; margin: auto !important; outline: initial !important; padding: initial !important; position: absolute; table-layout: initial !important; text-align: initial !important; text-shadow: initial !important; width: initial !important; word-break: initial !important; word-spacing: initial !important; overflow-wrap: initial !important; box-sizing: initial !important; display: initial !important; color: inherit !important; font-size: 13px !important; font-family: X-LocaleSpecific, sans-serif, Tahoma, Helvetica !important; line-height: 13px !important; vertical-align: top !important; white-space: inherit !important; left: 1040px; top: 56px; opacity: 0.3;""><div class=""s3gt_translate_tooltip_mini"" id=""s3gt_translate_tooltip_mini_logo"" title=""Translate selected text"">&nbsp;</div><div class=""s3gt_translate_tooltip_mini"" id=""s3gt_translate_tooltip_mini_sound"" title=""Play"" title_play=""Play"" title_stop=""Stop"">&nbsp;</div><div class=""s3gt_translate_tooltip_mini"" id=""s3gt_translate_tooltip_mini_copy"" title=""Copy text to Clipboard"">&nbsp;</div></div><link href=""moz-extension://9b9d073b-7818-44e6-a5b1-ceb6aa21c11e/skin/s3gt_tooltip_mini.css"" rel=""stylesheet"" type=""text/css"" /><style media=""print"" type=""text/css"">#s3gt_translate_tooltip_mini { display: none !important; }</style>",,,https://cdna.wobily.com/images/61ff6760-d318-4c73-8fb3-a65586342c7f.jpg,https://cdna.wobily.com/images/89f1e731-d573-4cf8-9b60-77809f465747.jpg,,,,True,False,שרוולים קולגן; מבצעים החודש; ,,
Z3DQOSYKGJ,שרוול קולגן בצורה ביגלה  15 מטר,שרוול-קולגן-45-ממ_ZOB18BY55CQT5ZT,שרוולים לנקניקים,120,0,0,,,"45 מ""מ 20 מטר. מתאים לנקניקים יבשים, מבושלים ומעושנים","<span style=""font-size:14px;"">15 מטר. מתאים לנקניקים&nbsp; מבושלים ומעושנים.<br /><span class=""a-list-item"" style=""box-sizing: border-box;"">אין צורך להשרות במים&nbsp;</span></span><div class=""s3gt_translate_tooltip_mini_box"" id=""s3gt_translate_tooltip_mini"" is_bottom=""true"" is_mini=""true"" style=""background: initial !important; border: initial !important; border-radius: initial !important; border-spacing: initial !important; border-collapse: initial !important; direction: ltr !important; flex-direction: initial !important; font-weight: initial !important; height: initial !important; letter-spacing: initial !important; min-width: initial !important; max-width: initial !important; min-height: initial !important; max-height: initial !important; margin: auto !important; outline: initial !important; padding: initial !important; position: absolute; table-layout: initial !important; text-align: initial !important; text-shadow: initial !important; width: initial !important; word-break: initial !important; word-spacing: initial !important; overflow-wrap: initial !important; box-sizing: initial !important; display: initial !important; color: inherit !important; font-size: 13px !important; font-family: X-LocaleSpecific, sans-serif, Tahoma, Helvetica !important; line-height: 13px !important; vertical-align: top !important; white-space: inherit !important; left: 1040px; top: 56px; opacity: 0.3;""><div class=""s3gt_translate_tooltip_mini"" id=""s3gt_translate_tooltip_mini_logo"" title=""Translate selected text"">&nbsp;</div><div class=""s3gt_translate_tooltip_mini"" id=""s3gt_translate_tooltip_mini_sound"" title=""Play"" title_play=""Play"" title_stop=""Stop"">&nbsp;</div><div class=""s3gt_translate_tooltip_mini"" id=""s3gt_translate_tooltip_mini_copy"" title=""Copy text to Clipboard"">&nbsp;</div></div><link href=""moz-extension://9b9d073b-7818-44e6-a5b1-ceb6aa21c11e/skin/s3gt_tooltip_mini.css"" rel=""stylesheet"" type=""text/css"" /><style media=""print"" type=""text/css"">#s3gt_translate_tooltip_mini { display: none !important; }</style>",7.0,,https://cdna.wobily.com/images/486c9306-e518-4437-b619-b86aeb12fd42.jpg,https://cdna.wobily.com/images/ea038a84-f568-4ea0-bea3-b19d028f5e8a.jpg,,,,True,False,שרוולים קולגן; ,,
XONBY90CTW13KRA,"שרוול קולגן 55 מ""מ 20 מטר",שרוול-קולגן-55-ממ,שרוולים לנקניקים,140,100,0,0.0,,"55 מ""מ 20 מטר. מתאים לנקניקים יבשים, מבושלים ומעושנים","20 מטר. מתאים לנקניקים יבשים, מבושלים ומעושנים",,,https://cdna.wobily.com/images/96ca65d3-6e50-432c-9cf4-b3fa4314cf47.jpg,https://cdna.wobily.com/images/0494de74-a59d-4e0a-996d-47e4c0156985.jpg,,,,True,False,שרוולים קולגן; מבצעים החודש; ,,
JYGJRL1WFW,שרוול קולגן לנקניקיות אמולסיה   Devro,שרוול-קולגן-לנקניקיות-אמולסיה-28-ממ-Devro,שרוולים לנקניקים,45,0,0,,,,שרוול קולגן במיוחד לנקניקיות אמולסיה. קוטר 23-28 מ&quot;מ אורך 15 מטר תוצרת צ&#39;כי חברת Devro,,0.0,https://cdna.wobily.com/images/c8a0ff10-4121-4d65-8c2a-c675571c091d.jpg,,,,,True,False,שרוולים קולגן; ,,
KNMFMF67FU,שרוול קולגן לנקניקיות אמולסיה וקבנוסים,שרוול-קולגן-לנקניקיות-אמולסיה-וקבנוסים,שרוולים לנקניקים,40,0,0,,,,"שרוול קולגן בצבע חום לנקניקיות אמולסיה וקבנוסים .שרוול קולגן אכיל ואיכותי. תוצרת חברת Devro צ'כי. אורך 15 מטרקוטר 24 ו-33 מ""מ שרוול מתאים לבישול ועישון בטמפרטורה עד 85-90°.לא מתאים לגריל",,0.0,https://cdna.wobily.com/images/58292dde-d569-4d2e-bd1f-0c4395f56672.jpg,https://cdna.wobily.com/images/e27e91a1-d368-405f-91d5-38168ecf21b3.jpg,,,,True,False,שרוולים קולגן; ,,
Y85WGKASZN,"שרוול קולגן לנקניקיות אמולסיה מגולגל 28 מ""מ 15 מטר",שרוול-קולגן-לנקניקיות-אמולסיה-מגולגל-28-ממ-15-מטר,שרוולים לנקניקים,55,0,0,,,,"שרוול קולגן רונדו, מגולגל לכל סוגי נקניקיות אמולסיה. שרוולים עמיד בחום עד 80° בבישול. ",,0.0,https://cdna.wobily.com/images/b773098e-435d-40c5-ae4d-e37fed9ced6d.jpg,https://cdna.wobily.com/images/9123e8ff-eb7d-4c30-9e24-3e35a5bf9d9d.jpg,https://cdna.wobily.com/images/c7160ab3-2391-4f80-b2b1-0af042b772f6.jpg,https://cdna.wobily.com/images/2da50070-8cf4-4f50-b384-21e136e3c237.png,,True,False,שרוולים קולגן; ,,
D12ZL5OPU0,שרוול קולגן לנקניקיות גריל 15 מטר Devro,שרוול-קולגן-לנקניקיות-גריל,שרוולים לנקניקים,40,0,0,,,"שרוול קולגן אכיל לנקניקיות גריל מבית Devro. מתאים לצלייה על האש, מנגל פחמים, גז, חשמלי וטיגון במחבת. איכות אירופאית לתוצאה מושלמת. הזמינו עכשיו!","*שרוול קולגן אכיל לנקניקיות גריל מבית Devro**<div>&nbsp;</div><div>גלה את שרוול הקולגן האיכותי שלנו לנקניקיות גריל, מבית היצרן האירופאי המוביל, Devro. מתאים לצלייה על האש, מנגל פחמים, גז, חשמלי, טיגון במחבת ופלנצ&#39;ה.</div><div>&nbsp;</div><div>**יתרונות המוצר:**</div><div>- עמיד בחום גבוה</div><div>- אכיל ונוח לשימוש</div><div>- מתאים למגוון שיטות בישול</div><div>&nbsp;</div><div>שדרג את חוויית הצלייה שלך עם מוצר קולגן איכותי, המבטיח תוצאה עסיסית ומושלמת בכל פעם.</div><div>&nbsp;</div><div>**הזמינו עכשיו באתר ותיהנו ממשלוח מהיר!**</div><div>&nbsp;</div>",,0.0,https://cdna.wobily.com/images/ad0c91ae-5dba-48fd-92c4-cc39eead2b49.jpg,,,,,True,False,שרוולים קולגן; ,,
YDFK426CVH,"שרוול קולגן לנקניקיות גריל   Devro כשר בד""ץ",שרוול-קולגן-לנקניקיות-גריל-23-ממ-Devro-כשר-בדץ,שרוולים לנקניקים,52,0,0,,,"שרוול קולגן אכיל לנקניקיות גריל מבית Devro. מתאים לצלייה על האש, מנגל פחמים, גז, חשמלי וטיגון במחבת. איכות אירופאית לתוצאה מושלמת. הזמינו עכשיו!","*שרוול קולגן אכיל לנקניקיות גריל מבית Devro** גלה את שרוול הקולגן האיכותי שלנו לנקניקיות גריל, מבית היצרן האירופאי המוביל, Devro. מתאים לצלייה על האש, מנגל פחמים, גז, חשמלי, טיגון במחבת ופלנצ'ה. **יתרונות המוצר:**- עמיד בחום גבוה- אכיל ונוח לשימוש- מתאים למגוון שיטות בישול שדרג את חוויית הצלייה שלך עם מוצר קולגן איכותי, המבטיח תוצאה עסיסית ומושלמת בכל פעם. **הזמינו עכשיו באתר ותיהנו ממשלוח מהיר!** ",,0.0,https://cdna.wobily.com/images/66587745-5b6f-4631-bce3-6cae664cc7c1.jpg,https://cdna.wobily.com/images/7074bb0e-0814-4f93-83bd-c2580a8fdb2b.jpg,,,,True,False,שרוולים קולגן; שרוולים כשרים; ,,
9AKF587WI0,תבלינים לנקניקיות בסיגנון בווריה 200 גר כשר,תבלינים-לנקניקיות-בסיגנון-בווריה-200-גר,תבלינים,40,0,0,,,,תבלינים לנקניקיות בסיגנון בווריה 200 גר מומלץ 6-8 גר ל-1 ק&quot;ג מסה בשר,,0.0,https://cdna.wobily.com/images/21d92a0f-89cc-4d29-b183-5d48cea782fe.png,,,,,True,False,תבלינים לכל סוגי נקניקיות; תבלינים לנקניקים מבושלים מעושנים; תבלינים כשרים; ,,
M0DR82C54G,תבלינים לנקניקיות בסיגנון פרנקפורט 200 גר כשר,תבלינים-לנקניקיות-בסיגנון-פרנקפורט-200-גר,תבלינים,40,0,0,,,,תבלינים לנקניקיות בסיגנון פרנקפורט 200 גר מומלץ 7 גר ל-1 ק&quot;ג מסה בשר,,0.0,https://cdna.wobily.com/images/268cfa2b-01b8-45c2-afb5-497386dd6bf3.jpg,,,,,True,False,תבלינים לכל סוגי נקניקיות; תבלינים כשרים; ,,
ZJA15JYKLG,"תבלינים לנקניקיות בסיגנון מרגז 500 גר כשר בד""ץ",תבלינים-לנקניקיות-בסיגנון-צ-וריסו-500-גר,תבלינים,50,0,0,,,,תבלינים לנקניקיות בסיגנון מרגז מינון מומלץ 12-15 גר ל-1 בשר,9.0,0.5,https://cdna.wobily.com/images/874806f8-43f2-4c38-a45a-178020942f6e.jpg,,,,,True,False,תבלינים לכל סוגי נקניקיות; תבלינים כשרים; ,,
703394IIIH,"תבלינים לנקניקיות בסיגנון צ'וריסו 500 גר כשר בד""ץ",תבלינים-לנקניקיות-בסיגנון-צ-וריסו-500-גר-כשר-בדץ,תבלינים,50,0,0,,,"תערובת תבלינים לצ'וריסו בסגנון דרום אמריקאי – עם פפריקה מעושנת, שום ותבלינים איכותיים. מושלם לנקניקיות תוצרת בית. הזמינו עכשיו באתר נקניקוף!","תבלין לצ&#39;וריסו &ndash; הטעם הדרום-אמריקאי אצלכם בבית<div>&nbsp;</div><div>רוצים להכין נקניקיות צ&#39;וריסו עסיסיות ומלאות טעם?</div><div>עם תערובת התבלינים המקצועית שלנו, תקבלו את האיזון המושלם בין חריפות, מתיקות וניחוח מעושן &ndash; ממש כמו בצ&#39;וריסו האורגינלי מספרד או מדרום אמריקה.</div><div>&nbsp;</div><div>מה בתערובת?</div><div>פפריקה מעושנת, שום, כמון, אורגנו ותבלינים נוספים באיכות גבוהה.</div><div>&nbsp;</div><div>למי מתאים?</div><div>&nbsp;</div><div>לחובבי בשר שרוצים לשלוט על כל מרכיב</div><div>&nbsp;</div><div>לאנשי גריל שמחפשים עומק בטעמים</div><div>&nbsp;</div><div>לכל מי שמכין נקניקיות ביתיות או חובב סדנאות בישול</div><div>&nbsp;</div><div>&nbsp;</div><div>יתרונות:</div><div>&nbsp;</div><div>הרכב מדויק ומאוזן</div><div>&nbsp;</div><div>100% טבעי, ללא חומרים משמרים</div><div>&nbsp;</div><div>מתאים לנקניקיות צלייה, טיגון או אפייה</div><div>&nbsp;</div><div>זמין באריזות 500 גרם&nbsp;<br /><br />מינון: מומלץ 30 גרם ל-1 ק&quot;ג בשר</div><div>&nbsp;</div>",9.0,0.5,https://cdna.wobily.com/images/874806f8-43f2-4c38-a45a-178020942f6e.jpg,,,,,True,False,,,
5E2FVGMBY2,תבלינים לנקניקיות וינר 100 גר,תבלינים-לנקניקיות-וינר-100-גר,תבלינים,30,0,0,,,,תבלינים לנקניקיות גריל מבשר טחון ואמולסיה. מומלצ 6-8 גר ל-1 ק&quot;ג,,0.1,https://cdna.wobily.com/images/9a89cf49-b497-45be-9719-a59443948aad.jpg,,,,,True,False,תבלינים לכל סוגי נקניקיות; ,,
B7YBKY4GF2,תבלינים לנקניקים בסיגנון סלמי איטלקי 200 גר,תבלינים-לנקניקים-בסיגנון-סלמי-איטלקי-200-גר,תבלינים,40,0,0,,,,תבלינים לנקניקים יבשים בסיגנון סלמי איטלקי,,0.0,https://cdna.wobily.com/images/c90928fd-bc37-4e54-905a-c1a0c3fe0d60.png,,,,,True,False,תבלינים לנקניקים יבשים מותסיסים; ,,
EPN75WNHKL,תבלינים לנקניקים בסיגנון סלמי Verona איטלקית 100 גר,תבלינים-לנקניקים-בסיגנון-סלמי-איטלקית-100-גר,תבלינים,30,25,0,,,"תבלינים לנקניקים בסיגנון סלמי Verona איטלקית, טעים במיוחד ",תבלינים לנקניקים יבשים בסיגנון סלמי איטלקי ורונה.,78.0,0.0,https://cdna.wobily.com/images/5308ec8d-f639-4070-95ab-cb401d44af16.jpg,,,,,True,False,תבלינים לנקניקים יבשים מותסיסים; מבצעים החודש; ,,
KEU0XO4STP,תבלינים לנקניק סרוולד מיובש 100 גר,תבלינים-לנקניק-סרוולד-מיובש-100-גר,תבלינים,30,0,0,,,,"תבלינים לנקניק סרוולד מיובשים מכיל דקסטרוז, אריטרובט.מומלץ 13 גר ל-1 ק""ג בשר",,0.0,https://cdna.wobily.com/images/0bde5737-aef9-4ee7-bb5c-9427df6f8826.jpg,,,,,True,False,תבלינים לנקניקים יבשים מותסיסים; ,,
2PWV0CKKJA,תבלינים לפסטרמה 200 גר כשר,תבלינים-לשנקה-וטצ׳ינה-200-גר,תבלינים,40,0,0,,,,"תבלינים לשנקה, ופסטרמה 200 גר מומלץ 8 גר ל-1 ק&quot;ג מסה בשר",17.0,0.0,https://cdna.wobily.com/images/0b4c4ef8-05f4-4475-bd0e-1f84d062bcf0.jpg,https://cdna.wobily.com/images/ede8f6b8-08a0-477d-b27c-cd11b405d635.jpg,,,,True,False,תבלינים לפסטרמות ושינקה; תבלינים כשרים; ,,
CTBJYT91OE,"תבלין לנקניק בסגנון קרקוב 200 ג""ר כשר",תבלין-לנקניק-בסגנון-קרקוב-200-גר,תבלינים,40,0,0,,,,תבלין לנקניק בסגנון קרקוב 200 ג&quot;ר<br />מומלץ 6 ג&quot;ר ל-1 ק&quot;ג מסה,,0.0,https://cdna.wobily.com/images/03b21e5c-c086-43c8-8264-81eda458e7cb.jpg,,,,,True,False,תבלינים לנקניקים מבושלים מעושנים; תבלינים כשרים; ,,
PJT1WN250U,"תבלין לנקניקיות גרמני 200 ג""ר כשר",תבלין-לנקניקיות-גרמני-200-גר,תבלינים,40,0,0,,,,תבלין לנקניקיות גרמני 200 ג&quot;ר<br />מומלץ 8 ג&quot;ר ל-1 ק&quot;ג מסה<br />&nbsp;,,0.0,https://cdna.wobily.com/images/279d154a-5729-4eee-8b6b-e000a565ddda.jpg,,,,,True,False,תבלינים לכל סוגי נקניקיות; תבלינים לנקניקים מבושלים מעושנים; תבלינים לפסטרמות ושינקה; תבלינים כשרים; ,,
2OVL7P16PI,תבלין לנקניקיות טורינג גרמני 100 גר,תבלין-לנקניקיות-טורינג-גרמני-100-גר,תבלינים,30,0,0,,,,תבלינים לנקניקיות גריל מבשר טחון ואמולסיה,,0.0,https://cdna.wobily.com/images/3a720659-7d3e-4cac-8ecf-c8d0f6fc39d9.jpg,,,,,True,False,תבלינים לכל סוגי נקניקיות; ,,
UUR1X1O5Q7,תבלין לנקניק מוסקבה 100 גר,תבלין-לנקניק-מוסקבה-100-גר,תבלינים,30,0,0,,,"גלה את הסוד של נקניק מוסקבה אמיתי! תערובת תבלינים אותנטית עם טעם קלאסי, מרכיבים איכותים וקלות שימוש. מושלם לנקניק תוצרת בית!","נקניק מוסקבה: סוד הטעם המושלם מחפשים את התבלין המושלם לנקניק מוסקבה אמיתי? אנו מציעים תערובת תבלינים אותנטית, שפותחה תוך התחשבות במסורת ובסטנדרטים מודרניים. התבלין שלנו הוא איזון של מרכיבים נבחרים: פלפל, אגוז מוסקט, כוסברה ומרכיבים נוספים המעניקים לנקניק את הארומה והטעם המוכרים שלו. היתרונות של התערובת שלנו: מתכון מסורתי:** משחזרים את הטעם של נקניק מוסקבה קלאסי. רב-תכליתיות:** מתאים לסוגים שונים של נקניקים. קלות שימוש:** קל להוסיף לבשר הטחון להשגת התוצאה המושלמת. .",39.0,0.0,https://cdna.wobily.com/images/d29b9eca-85ff-4b70-8914-d327ca3f5d09.jpg,,,,,True,False,תבלינים לנקניקים מבושלים מעושנים; ,,
6XLW6NPQIR,תבלין לנקניק מורטודלה 100 גר,תבלין-לנקניק-מורטודלה-100-גר,תבלינים,30,0,0,,,,תבלין לנקניק מורטודלה. מכיל פוספט וויטמין C. מומלץ 8 גר ל-1 ק&quot;ג בשר,,0.0,https://cdna.wobily.com/images/a8a983a3-618d-4cbc-bad8-07cb43035353.jpg,,,,,True,False,תבלינים לנקניקים מבושלים מעושנים; ,,
102OBAOHJY,"תבלין לנקניק סרוולד מוסקובסקאיה 1 ק""ג",תבלין-לנקניק-סרוולד-מוסקובסקאיה-1-קג,מבצעים החודש,220,130,0,88.0,,,"נקניק מוסקבה: סוד הטעם המושלםמחפשים את התבלין המושלם לנקניק מוסקבה אמיתי? אנו מציעים תערובת תבלינים אותנטית, שפותחה תוך התחשבות במסורת ובסטנדרטים מודרניים.התבלין שלנו הוא איזון של מרכיבים נבחרים: פלפל, אגוז מוסקט, כוסברה ומרכיבים נוספים המעניקים לנקניק את הארומה והטעם המוכרים שלו.היתרונות של התערובת שלנו:מתכון מסורתי:** משחזרים את הטעם של נקניק מוסקבה קלאסי.רב-תכליתיות:** מתאים לסוגים שונים של נקניקים.קלות שימוש:** קל להוסיף לבשר הטחון להשגת התוצאה המושלמת.",10.0,1.0,https://cdna.wobily.com/images/0c91bca7-385c-4222-93ef-7f7e84047ba4.jpg,,,,,True,False,,,
GKSWVGDOJ2,תבלין לפרושטו 100 גר,תבלין-לפרושטו-100-גר,תבלינים,30,0,0,,,,תבלינים לנקניק מיובש בסיגנון פרושוטו,,0.0,https://cdna.wobily.com/images/353b06fc-ac2d-4545-9699-b34d2f80976d.jpg,,,,,True,False,תבלינים לנקניקים יבשים מותסיסים; תבלינים לנקניקים מבושלים מעושנים; תבלינים לפסטרמות ושינקה; ,,
U8U2GIQKAX,תבלין לקבנוס 200 גר,תבלין-לקבנוס-200-גר,תבלינים,40,0,0,,,"תערובת תבלינים מקצועי לנקניקיות קבנוס, בחבילה  200 גר.מכיל פוספט ואריטרובט. ","תבלינים לקבנוס מעושן ומבושל, מכיל פוספט ואריטרובט. 200-גר בחבילה. מומלץ לשימוש 7-10 גר ל-1 ק&quot;ג מסה בשר.",,,https://cdna.wobily.com/images/3bc39f27-2570-4a19-a0c2-cbd4a4137c79.jpg,,,,,True,False,תבלינים לנקניקים מבושלים מעושנים; ,,
T5Z797TR2F,"תערובת פונקציאונלית לנקניקיות ונקניקים טחונים 1 ק""ג",תערובת-פונקציאונלית-לנקניקיות-ונקניקים-טחונים-1-קג,תוספי מזון,100,0,0,,,,"תערובת פונקציאונלית לכל סוג נקניקים ונקניקיות טחונים ומבושלים או מעושנים. תערובת מיכל מלח ניטריט, פוספט, אסקורבט, דקסטרוז. מומלץ 20 גר ל-1 ק""ג מסה בשר.ב-20 גר תערובת 15 גר מלח ניטריט 0,6%  , פוספט 3 גר, אסקורבט 0,5 גר , דקסטרוז 1,5 גר ",11.0,1.0,https://cdna.wobily.com/images/690c5555-cc9d-44ae-a190-0dc87c25ec35.jpg,,,,https://youtu.be/MltR8HfdF-c?si=1iBB8Tlb_K2K0dfr,True,False,מלחים וביינדרים; ,,
DYS1S0N4J6,"תערובת תבלינים סלסיסו חריף 1 ק""ג",תערובת-תבלינים-סלסיסו-לנקניקיות-גריל-1-קג,תבלינים,70,0,0,29.6,,,"תערובת תבלינים אותנטית להכנת נקניקיות סלסיסו בסגנון דרום אמריקאי &ndash; חריפות, עסיסיות ומלאות אופי!<br />עם שילוב מדויק של פפריקה מעושנת, שום, כמון, פלפל שחור, צ&#39;ילי ותבלינים חמים &ndash; סלסיסו קלאסית שמביאה אש לגריל.<br /><br />מתאימה במיוחד להכנת נקניקיות מבשר בקר&nbsp;<br />מושלמת לצלייה על האש, במחבת או בתנור.<br /><br />יתרונות:<br /><br />טעם עשיר ומודגש &ndash; בדיוק כמו בברזיל<br /><br />נותנת צבע עז וניחוח משגע<br /><br />ללא חומרים משמרים.<br /><br />לשימוש ביתי או מקצועי<br /><br /><br />הוראות שימוש:<br />הוסיפו כ-40 גרם תבלין לק&quot;ג תערובת בשרית. ערבבו היטב והכניסו למעיים. ניתן להוסיף חריפות לפי הטעם.<br />",,0.0,https://cdna.wobily.com/images/bcd43738-aa19-4336-b799-a3e87ab23dd7.jpg,,,,,True,False,תבלינים לכל סוגי נקניקיות; תבלינים כשרים; ,,
